no,timestamp,shortSQL,fullSQL
1,1687761708641," _SAME_ AND l.couponMasterId = '48093457-f6a7-4114-a089-de009447e8c8' AND l.couponMasterId = '48093457-f6a7-4114-a089-de009447e8c8' ORDER BY l.couponCode, l.couponName, l.createAtMillis LIMIT 100 OFFSET 0 "," SELECT l.couponId AS ""クーポンID"", o.name AS ""組織名"", l.couponCode AS ""クーポンコード"", l.couponName AS ""クーポン名"", l.barcode AS ""バーコード"", l.operateFrom AS ""操作元"", to_char(TIMESTAMP 'epoch' + (l.createAtMillis / 1000) * INTERVAL '1 second', 'YYYY-MM-DD""T""HH24:MI:SS.MS""Z""') AS ""日時"", (SELECT COUNT(*) FROM coupon_logs l2 WHERE l2.type = 'displayed' AND l2.couponId = l.couponId) AS ""参照回数"", l.couponMasterId AS ""クーポンマスタID"" FROM coupon_logs l JOIN ( SELECT couponId, MAX(createAtMillis) AS createAtMillis FROM coupon_logs WHERE type = 'displayed' GROUP BY couponId ) latest ON l.couponId = latest.couponId AND l.createAtMillis = latest.createAtMillis JOIN organization o ON l.organizationId = o.resourceId AND l.couponMasterId = '48093457-f6a7-4114-a089-de009447e8c8' AND l.couponMasterId = '48093457-f6a7-4114-a089-de009447e8c8' ORDER BY l.couponCode, l.couponName, l.createAtMillis LIMIT 100 OFFSET 0 "
2,1687762612789," _SAME_ AND l.couponMasterId = '9aff9cf4-2c80-45b7-a7da-8454cdcab911' AND l.couponMasterId = '9aff9cf4-2c80-45b7-a7da-8454cdcab911' ORDER BY l.couponCode, l.couponName, l.createAtMillis LIMIT 100 OFFSET 0 "," SELECT l.couponId AS ""クーポンID"", o.name AS ""組織名"", l.couponCode AS ""クーポンコード"", l.couponName AS ""クーポン名"", l.barcode AS ""バーコード"", l.operateFrom AS ""操作元"", to_char(TIMESTAMP 'epoch' + (l.createAtMillis / 1000) * INTERVAL '1 second', 'YYYY-MM-DD""T""HH24:MI:SS.MS""Z""') AS ""日時"", (SELECT COUNT(*) FROM coupon_logs l2 WHERE l2.type = 'displayed' AND l2.couponId = l.couponId) AS ""参照回数"", l.couponMasterId AS ""クーポンマスタID"" FROM coupon_logs l JOIN ( SELECT couponId, MAX(createAtMillis) AS createAtMillis FROM coupon_logs WHERE type = 'displayed' GROUP BY couponId ) latest ON l.couponId = latest.couponId AND l.createAtMillis = latest.createAtMillis JOIN organization o ON l.organizationId = o.resourceId AND l.couponMasterId = '9aff9cf4-2c80-45b7-a7da-8454cdcab911' AND l.couponMasterId = '9aff9cf4-2c80-45b7-a7da-8454cdcab911' ORDER BY l.couponCode, l.couponName, l.createAtMillis LIMIT 100 OFFSET 0 "
3,1687762807428," _SAME_ AND l.couponMasterId = 'fe3a5178-5406-4cc7-b331-b5c876448954' AND l.couponMasterId = 'fe3a5178-5406-4cc7-b331-b5c876448954' ORDER BY l.couponCode, l.couponName, l.createAtMillis LIMIT 100 OFFSET 0 "," SELECT l.couponId AS ""クーポンID"", o.name AS ""組織名"", l.couponCode AS ""クーポンコード"", l.couponName AS ""クーポン名"", l.barcode AS ""バーコード"", l.operateFrom AS ""操作元"", to_char(TIMESTAMP 'epoch' + (l.createAtMillis / 1000) * INTERVAL '1 second', 'YYYY-MM-DD""T""HH24:MI:SS.MS""Z""') AS ""日時"", (SELECT COUNT(*) FROM coupon_logs l2 WHERE l2.type = 'displayed' AND l2.couponId = l.couponId) AS ""参照回数"", l.couponMasterId AS ""クーポンマスタID"" FROM coupon_logs l JOIN ( SELECT couponId, MAX(createAtMillis) AS createAtMillis FROM coupon_logs WHERE type = 'displayed' GROUP BY couponId ) latest ON l.couponId = latest.couponId AND l.createAtMillis = latest.createAtMillis JOIN organization o ON l.organizationId = o.resourceId AND l.couponMasterId = 'fe3a5178-5406-4cc7-b331-b5c876448954' AND l.couponMasterId = 'fe3a5178-5406-4cc7-b331-b5c876448954' ORDER BY l.couponCode, l.couponName, l.createAtMillis LIMIT 100 OFFSET 0 "
4,1687763108608," _SAME_ AND l.couponMasterId = 'fe3a5178-5406-4cc7-b331-b5c876448954' AND l.couponMasterId = 'fe3a5178-5406-4cc7-b331-b5c876448954' ORDER BY l.couponCode, l.couponName, l.createAtMillis LIMIT 100 OFFSET 0 "," SELECT l.couponId AS ""クーポンID"", o.name AS ""組織名"", l.couponCode AS ""クーポンコード"", l.couponName AS ""クーポン名"", l.barcode AS ""バーコード"", l.operateFrom AS ""操作元"", to_char(TIMESTAMP 'epoch' + (l.createAtMillis / 1000) * INTERVAL '1 second', 'YYYY-MM-DD""T""HH24:MI:SS.MS""Z""') AS ""日時"", (SELECT COUNT(*) FROM coupon_logs l2 WHERE l2.type = 'displayed' AND l2.couponId = l.couponId) AS ""参照回数"", l.couponMasterId AS ""クーポンマスタID"" FROM coupon_logs l JOIN ( SELECT couponId, MAX(createAtMillis) AS createAtMillis FROM coupon_logs WHERE type = 'displayed' GROUP BY couponId ) latest ON l.couponId = latest.couponId AND l.createAtMillis = latest.createAtMillis JOIN organization o ON l.organizationId = o.resourceId AND l.couponMasterId = 'fe3a5178-5406-4cc7-b331-b5c876448954' AND l.couponMasterId = 'fe3a5178-5406-4cc7-b331-b5c876448954' ORDER BY l.couponCode, l.couponName, l.createAtMillis LIMIT 100 OFFSET 0 "
5,1687764729213," _SAME_ AND l.couponMasterId = '88568f69-3a04-48c7-996c-b77e99286bb4' AND l.couponMasterId = '88568f69-3a04-48c7-996c-b77e99286bb4' ORDER BY l.couponCode, l.couponName, l.createAtMillis LIMIT 100 OFFSET 0 "," SELECT l.couponId AS ""クーポンID"", o.name AS ""組織名"", l.couponCode AS ""クーポンコード"", l.couponName AS ""クーポン名"", l.barcode AS ""バーコード"", l.operateFrom AS ""操作元"", to_char(TIMESTAMP 'epoch' + (l.createAtMillis / 1000) * INTERVAL '1 second', 'YYYY-MM-DD""T""HH24:MI:SS.MS""Z""') AS ""日時"", (SELECT COUNT(*) FROM coupon_logs l2 WHERE l2.type = 'displayed' AND l2.couponId = l.couponId) AS ""参照回数"", l.couponMasterId AS ""クーポンマスタID"" FROM coupon_logs l JOIN ( SELECT couponId, MAX(createAtMillis) AS createAtMillis FROM coupon_logs WHERE type = 'displayed' GROUP BY couponId ) latest ON l.couponId = latest.couponId AND l.createAtMillis = latest.createAtMillis JOIN organization o ON l.organizationId = o.resourceId AND l.couponMasterId = '88568f69-3a04-48c7-996c-b77e99286bb4' AND l.couponMasterId = '88568f69-3a04-48c7-996c-b77e99286bb4' ORDER BY l.couponCode, l.couponName, l.createAtMillis LIMIT 100 OFFSET 0 "
6,1687765572470," _SAME_ AND l.couponMasterId = '9047aff2-685e-49cf-9275-765c12c08155' AND l.couponMasterId = '9047aff2-685e-49cf-9275-765c12c08155' ORDER BY l.couponCode, l.couponName, l.createAtMillis LIMIT 100 OFFSET 0 "," SELECT l.couponId AS ""クーポンID"", o.name AS ""組織名"", l.couponCode AS ""クーポンコード"", l.couponName AS ""クーポン名"", l.barcode AS ""バーコード"", l.operateFrom AS ""操作元"", to_char(TIMESTAMP 'epoch' + (l.createAtMillis / 1000) * INTERVAL '1 second', 'YYYY-MM-DD""T""HH24:MI:SS.MS""Z""') AS ""日時"", (SELECT COUNT(*) FROM coupon_logs l2 WHERE l2.type = 'displayed' AND l2.couponId = l.couponId) AS ""参照回数"", l.couponMasterId AS ""クーポンマスタID"" FROM coupon_logs l JOIN ( SELECT couponId, MAX(createAtMillis) AS createAtMillis FROM coupon_logs WHERE type = 'displayed' GROUP BY couponId ) latest ON l.couponId = latest.couponId AND l.createAtMillis = latest.createAtMillis JOIN organization o ON l.organizationId = o.resourceId AND l.couponMasterId = '9047aff2-685e-49cf-9275-765c12c08155' AND l.couponMasterId = '9047aff2-685e-49cf-9275-765c12c08155' ORDER BY l.couponCode, l.couponName, l.createAtMillis LIMIT 100 OFFSET 0 "
7,1687765623648," _SAME_ AND l.couponMasterId = '9047aff2-685e-49cf-9275-765c12c08155' AND l.couponMasterId = '9047aff2-685e-49cf-9275-765c12c08155' ORDER BY l.couponCode, l.couponName, l.createAtMillis LIMIT 100 OFFSET 0 "," SELECT l.couponId AS ""クーポンID"", o.name AS ""組織名"", l.couponCode AS ""クーポンコード"", l.couponName AS ""クーポン名"", l.barcode AS ""バーコード"", l.operateFrom AS ""操作元"", to_char(TIMESTAMP 'epoch' + (l.createAtMillis / 1000) * INTERVAL '1 second', 'YYYY-MM-DD""T""HH24:MI:SS.MS""Z""') AS ""日時"", (SELECT COUNT(*) FROM coupon_logs l2 WHERE l2.type = 'displayed' AND l2.couponId = l.couponId) AS ""参照回数"", l.couponMasterId AS ""クーポンマスタID"" FROM coupon_logs l JOIN ( SELECT couponId, MAX(createAtMillis) AS createAtMillis FROM coupon_logs WHERE type = 'displayed' GROUP BY couponId ) latest ON l.couponId = latest.couponId AND l.createAtMillis = latest.createAtMillis JOIN organization o ON l.organizationId = o.resourceId AND l.couponMasterId = '9047aff2-685e-49cf-9275-765c12c08155' AND l.couponMasterId = '9047aff2-685e-49cf-9275-765c12c08155' ORDER BY l.couponCode, l.couponName, l.createAtMillis LIMIT 100 OFFSET 0 "
8,1687768987475," _SAME_ AND l.couponMasterId = '4c2078ee-27af-499d-9d6e-cb75f8bf85ce' AND l.couponMasterId = '4c2078ee-27af-499d-9d6e-cb75f8bf85ce' ORDER BY l.couponCode, l.couponName, l.createAtMillis LIMIT 100 OFFSET 0 "," SELECT l.couponId AS ""クーポンID"", o.name AS ""組織名"", l.couponCode AS ""クーポンコード"", l.couponName AS ""クーポン名"", l.barcode AS ""バーコード"", l.operateFrom AS ""操作元"", to_char(TIMESTAMP 'epoch' + (l.createAtMillis / 1000) * INTERVAL '1 second', 'YYYY-MM-DD""T""HH24:MI:SS.MS""Z""') AS ""日時"", (SELECT COUNT(*) FROM coupon_logs l2 WHERE l2.type = 'displayed' AND l2.couponId = l.couponId) AS ""参照回数"", l.couponMasterId AS ""クーポンマスタID"" FROM coupon_logs l JOIN ( SELECT couponId, MAX(createAtMillis) AS createAtMillis FROM coupon_logs WHERE type = 'displayed' GROUP BY couponId ) latest ON l.couponId = latest.couponId AND l.createAtMillis = latest.createAtMillis JOIN organization o ON l.organizationId = o.resourceId AND l.couponMasterId = '4c2078ee-27af-499d-9d6e-cb75f8bf85ce' AND l.couponMasterId = '4c2078ee-27af-499d-9d6e-cb75f8bf85ce' ORDER BY l.couponCode, l.couponName, l.createAtMillis LIMIT 100 OFFSET 0 "
9,1688354925596," _SAME_ AND l.couponMasterId = '5e9f955b-0223-4d28-be4a-5964f8fb364d' AND l.couponMasterId = '5e9f955b-0223-4d28-be4a-5964f8fb364d' ORDER BY l.couponCode, l.couponName, l.createAtMillis LIMIT 100 OFFSET 0 "," SELECT l.couponId AS ""クーポンID"", o.name AS ""組織名"", l.couponCode AS ""クーポンコード"", l.couponName AS ""クーポン名"", l.barcode AS ""バーコード"", l.operateFrom AS ""操作元"", to_char(TIMESTAMP 'epoch' + (l.createAtMillis / 1000) * INTERVAL '1 second', 'YYYY-MM-DD""T""HH24:MI:SS.MS""Z""') AS ""日時"", (SELECT COUNT(*) FROM coupon_logs l2 WHERE l2.type = 'displayed' AND l2.couponId = l.couponId) AS ""参照回数"", l.couponMasterId AS ""クーポンマスタID"" FROM coupon_logs l JOIN ( SELECT couponId, MAX(createAtMillis) AS createAtMillis FROM coupon_logs WHERE type = 'displayed' GROUP BY couponId ) latest ON l.couponId = latest.couponId AND l.createAtMillis = latest.createAtMillis JOIN organization o ON l.organizationId = o.resourceId AND l.couponMasterId = '5e9f955b-0223-4d28-be4a-5964f8fb364d' AND l.couponMasterId = '5e9f955b-0223-4d28-be4a-5964f8fb364d' ORDER BY l.couponCode, l.couponName, l.createAtMillis LIMIT 100 OFFSET 0 "
10,1690855370034," _SAME_ AND l.couponMasterId = '4bb8c2f8-5ef7-461d-97ea-312bd1761de5' AND l.couponMasterId = '4bb8c2f8-5ef7-461d-97ea-312bd1761de5' ORDER BY l.couponCode, l.couponName, l.createAtMillis LIMIT 100 OFFSET 0 "," SELECT l.couponId AS ""クーポンID"", o.name AS ""組織名"", l.couponCode AS ""クーポンコード"", l.couponName AS ""クーポン名"", l.barcode AS ""バーコード"", l.operateFrom AS ""操作元"", to_char(TIMESTAMP 'epoch' + (l.createAtMillis / 1000) * INTERVAL '1 second', 'YYYY-MM-DD""T""HH24:MI:SS.MS""Z""') AS ""日時"", (SELECT COUNT(*) FROM coupon_logs l2 WHERE l2.type = 'displayed' AND l2.couponId = l.couponId) AS ""参照回数"", l.couponMasterId AS ""クーポンマスタID"" FROM coupon_logs l JOIN ( SELECT couponId, MAX(createAtMillis) AS createAtMillis FROM coupon_logs WHERE type = 'displayed' GROUP BY couponId ) latest ON l.couponId = latest.couponId AND l.createAtMillis = latest.createAtMillis JOIN organization o ON l.organizationId = o.resourceId AND l.couponMasterId = '4bb8c2f8-5ef7-461d-97ea-312bd1761de5' AND l.couponMasterId = '4bb8c2f8-5ef7-461d-97ea-312bd1761de5' ORDER BY l.couponCode, l.couponName, l.createAtMillis LIMIT 100 OFFSET 0 "
11,1690856306168," _SAME_ AND l.couponMasterId = '4bb8c2f8-5ef7-461d-97ea-312bd1761de5' AND l.couponMasterId = '4bb8c2f8-5ef7-461d-97ea-312bd1761de5' ORDER BY l.couponCode, l.couponName, l.createAtMillis LIMIT 100 OFFSET 0 "," SELECT l.couponId AS ""クーポンID"", o.name AS ""組織名"", l.couponCode AS ""クーポンコード"", l.couponName AS ""クーポン名"", l.barcode AS ""バーコード"", l.operateFrom AS ""操作元"", to_char(TIMESTAMP 'epoch' + (l.createAtMillis / 1000) * INTERVAL '1 second', 'YYYY-MM-DD""T""HH24:MI:SS.MS""Z""') AS ""日時"", (SELECT COUNT(*) FROM coupon_logs l2 WHERE l2.type = 'displayed' AND l2.couponId = l.couponId) AS ""参照回数"", l.couponMasterId AS ""クーポンマスタID"" FROM coupon_logs l JOIN ( SELECT couponId, MAX(createAtMillis) AS createAtMillis FROM coupon_logs WHERE type = 'displayed' GROUP BY couponId ) latest ON l.couponId = latest.couponId AND l.createAtMillis = latest.createAtMillis JOIN organization o ON l.organizationId = o.resourceId AND l.couponMasterId = '4bb8c2f8-5ef7-461d-97ea-312bd1761de5' AND l.couponMasterId = '4bb8c2f8-5ef7-461d-97ea-312bd1761de5' ORDER BY l.couponCode, l.couponName, l.createAtMillis LIMIT 100 OFFSET 0 "
12,1690977512201," _SAME_ AND l.couponMasterId = '4bb8c2f8-5ef7-461d-97ea-312bd1761de5' AND l.couponMasterId = '4bb8c2f8-5ef7-461d-97ea-312bd1761de5' ORDER BY l.couponCode, l.couponName, l.createAtMillis LIMIT 100 OFFSET 0 "," SELECT l.couponId AS ""クーポンID"", o.name AS ""組織名"", l.couponCode AS ""クーポンコード"", l.couponName AS ""クーポン名"", l.barcode AS ""バーコード"", l.operateFrom AS ""操作元"", to_char(TIMESTAMP 'epoch' + (l.createAtMillis / 1000) * INTERVAL '1 second', 'YYYY-MM-DD""T""HH24:MI:SS.MS""Z""') AS ""日時"", (SELECT COUNT(*) FROM coupon_logs l2 WHERE l2.type = 'displayed' AND l2.couponId = l.couponId) AS ""参照回数"", l.couponMasterId AS ""クーポンマスタID"" FROM coupon_logs l JOIN ( SELECT couponId, MAX(createAtMillis) AS createAtMillis FROM coupon_logs WHERE type = 'displayed' GROUP BY couponId ) latest ON l.couponId = latest.couponId AND l.createAtMillis = latest.createAtMillis JOIN organization o ON l.organizationId = o.resourceId AND l.couponMasterId = '4bb8c2f8-5ef7-461d-97ea-312bd1761de5' AND l.couponMasterId = '4bb8c2f8-5ef7-461d-97ea-312bd1761de5' ORDER BY l.couponCode, l.couponName, l.createAtMillis LIMIT 100 OFFSET 0 "
13,1691032810023," _SAME_ AND l.couponMasterId = '4bb8c2f8-5ef7-461d-97ea-312bd1761de5' AND l.couponMasterId = '4bb8c2f8-5ef7-461d-97ea-312bd1761de5' ORDER BY l.couponCode, l.couponName, l.createAtMillis LIMIT 100 OFFSET 0 "," SELECT l.couponId AS ""クーポンID"", o.name AS ""組織名"", l.couponCode AS ""クーポンコード"", l.couponName AS ""クーポン名"", l.barcode AS ""バーコード"", l.operateFrom AS ""操作元"", to_char(TIMESTAMP 'epoch' + (l.createAtMillis / 1000) * INTERVAL '1 second', 'YYYY-MM-DD""T""HH24:MI:SS.MS""Z""') AS ""日時"", (SELECT COUNT(*) FROM coupon_logs l2 WHERE l2.type = 'displayed' AND l2.couponId = l.couponId) AS ""参照回数"", l.couponMasterId AS ""クーポンマスタID"" FROM coupon_logs l JOIN ( SELECT couponId, MAX(createAtMillis) AS createAtMillis FROM coupon_logs WHERE type = 'displayed' GROUP BY couponId ) latest ON l.couponId = latest.couponId AND l.createAtMillis = latest.createAtMillis JOIN organization o ON l.organizationId = o.resourceId AND l.couponMasterId = '4bb8c2f8-5ef7-461d-97ea-312bd1761de5' AND l.couponMasterId = '4bb8c2f8-5ef7-461d-97ea-312bd1761de5' ORDER BY l.couponCode, l.couponName, l.createAtMillis LIMIT 100 OFFSET 0 "
14,1691381663333," _SAME_ AND l.couponMasterId = '4bb8c2f8-5ef7-461d-97ea-312bd1761de5' AND l.couponMasterId = '4bb8c2f8-5ef7-461d-97ea-312bd1761de5' ORDER BY l.couponCode, l.couponName, l.createAtMillis LIMIT 100 OFFSET 0 "," SELECT l.couponId AS ""クーポンID"", o.name AS ""組織名"", l.couponCode AS ""クーポンコード"", l.couponName AS ""クーポン名"", l.barcode AS ""バーコード"", l.operateFrom AS ""操作元"", to_char(TIMESTAMP 'epoch' + (l.createAtMillis / 1000) * INTERVAL '1 second', 'YYYY-MM-DD""T""HH24:MI:SS.MS""Z""') AS ""日時"", (SELECT COUNT(*) FROM coupon_logs l2 WHERE l2.type = 'displayed' AND l2.couponId = l.couponId) AS ""参照回数"", l.couponMasterId AS ""クーポンマスタID"" FROM coupon_logs l JOIN ( SELECT couponId, MAX(createAtMillis) AS createAtMillis FROM coupon_logs WHERE type = 'displayed' GROUP BY couponId ) latest ON l.couponId = latest.couponId AND l.createAtMillis = latest.createAtMillis JOIN organization o ON l.organizationId = o.resourceId AND l.couponMasterId = '4bb8c2f8-5ef7-461d-97ea-312bd1761de5' AND l.couponMasterId = '4bb8c2f8-5ef7-461d-97ea-312bd1761de5' ORDER BY l.couponCode, l.couponName, l.createAtMillis LIMIT 100 OFFSET 0 "
15,1691543328714," _SAME_ AND l.couponMasterId = '4bb8c2f8-5ef7-461d-97ea-312bd1761de5' AND l.couponMasterId = '4bb8c2f8-5ef7-461d-97ea-312bd1761de5' ORDER BY l.couponCode, l.couponName, l.createAtMillis LIMIT 100 OFFSET 0 "," SELECT l.couponId AS ""クーポンID"", o.name AS ""組織名"", l.couponCode AS ""クーポンコード"", l.couponName AS ""クーポン名"", l.barcode AS ""バーコード"", l.operateFrom AS ""操作元"", to_char(TIMESTAMP 'epoch' + (l.createAtMillis / 1000) * INTERVAL '1 second', 'YYYY-MM-DD""T""HH24:MI:SS.MS""Z""') AS ""日時"", (SELECT COUNT(*) FROM coupon_logs l2 WHERE l2.type = 'displayed' AND l2.couponId = l.couponId) AS ""参照回数"", l.couponMasterId AS ""クーポンマスタID"" FROM coupon_logs l JOIN ( SELECT couponId, MAX(createAtMillis) AS createAtMillis FROM coupon_logs WHERE type = 'displayed' GROUP BY couponId ) latest ON l.couponId = latest.couponId AND l.createAtMillis = latest.createAtMillis JOIN organization o ON l.organizationId = o.resourceId AND l.couponMasterId = '4bb8c2f8-5ef7-461d-97ea-312bd1761de5' AND l.couponMasterId = '4bb8c2f8-5ef7-461d-97ea-312bd1761de5' ORDER BY l.couponCode, l.couponName, l.createAtMillis LIMIT 100 OFFSET 0 "
16,1691630853806," _SAME_ AND l.couponMasterId = '4bb8c2f8-5ef7-461d-97ea-312bd1761de5' AND l.couponMasterId = '4bb8c2f8-5ef7-461d-97ea-312bd1761de5' ORDER BY l.couponCode, l.couponName, l.createAtMillis LIMIT 100 OFFSET 0 "," SELECT l.couponId AS ""クーポンID"", o.name AS ""組織名"", l.couponCode AS ""クーポンコード"", l.couponName AS ""クーポン名"", l.barcode AS ""バーコード"", l.operateFrom AS ""操作元"", to_char(TIMESTAMP 'epoch' + (l.createAtMillis / 1000) * INTERVAL '1 second', 'YYYY-MM-DD""T""HH24:MI:SS.MS""Z""') AS ""日時"", (SELECT COUNT(*) FROM coupon_logs l2 WHERE l2.type = 'displayed' AND l2.couponId = l.couponId) AS ""参照回数"", l.couponMasterId AS ""クーポンマスタID"" FROM coupon_logs l JOIN ( SELECT couponId, MAX(createAtMillis) AS createAtMillis FROM coupon_logs WHERE type = 'displayed' GROUP BY couponId ) latest ON l.couponId = latest.couponId AND l.createAtMillis = latest.createAtMillis JOIN organization o ON l.organizationId = o.resourceId AND l.couponMasterId = '4bb8c2f8-5ef7-461d-97ea-312bd1761de5' AND l.couponMasterId = '4bb8c2f8-5ef7-461d-97ea-312bd1761de5' ORDER BY l.couponCode, l.couponName, l.createAtMillis LIMIT 100 OFFSET 0 "
17,1691637654269," _SAME_ AND l.couponMasterId = '4bb8c2f8-5ef7-461d-97ea-312bd1761de5' AND l.couponMasterId = '4bb8c2f8-5ef7-461d-97ea-312bd1761de5' ORDER BY l.couponCode, l.couponName, l.createAtMillis LIMIT 100 OFFSET 0 "," SELECT l.couponId AS ""クーポンID"", o.name AS ""組織名"", l.couponCode AS ""クーポンコード"", l.couponName AS ""クーポン名"", l.barcode AS ""バーコード"", l.operateFrom AS ""操作元"", to_char(TIMESTAMP 'epoch' + (l.createAtMillis / 1000) * INTERVAL '1 second', 'YYYY-MM-DD""T""HH24:MI:SS.MS""Z""') AS ""日時"", (SELECT COUNT(*) FROM coupon_logs l2 WHERE l2.type = 'displayed' AND l2.couponId = l.couponId) AS ""参照回数"", l.couponMasterId AS ""クーポンマスタID"" FROM coupon_logs l JOIN ( SELECT couponId, MAX(createAtMillis) AS createAtMillis FROM coupon_logs WHERE type = 'displayed' GROUP BY couponId ) latest ON l.couponId = latest.couponId AND l.createAtMillis = latest.createAtMillis JOIN organization o ON l.organizationId = o.resourceId AND l.couponMasterId = '4bb8c2f8-5ef7-461d-97ea-312bd1761de5' AND l.couponMasterId = '4bb8c2f8-5ef7-461d-97ea-312bd1761de5' ORDER BY l.couponCode, l.couponName, l.createAtMillis LIMIT 100 OFFSET 0 "
18,1692151298574," _SAME_ AND l.couponMasterId = '4bb8c2f8-5ef7-461d-97ea-312bd1761de5' AND l.couponMasterId = '4bb8c2f8-5ef7-461d-97ea-312bd1761de5' ORDER BY l.couponCode, l.couponName, l.createAtMillis LIMIT 100 OFFSET 0 "," SELECT l.couponId AS ""クーポンID"", o.name AS ""組織名"", l.couponCode AS ""クーポンコード"", l.couponName AS ""クーポン名"", l.barcode AS ""バーコード"", l.operateFrom AS ""操作元"", to_char(TIMESTAMP 'epoch' + (l.createAtMillis / 1000) * INTERVAL '1 second', 'YYYY-MM-DD""T""HH24:MI:SS.MS""Z""') AS ""日時"", (SELECT COUNT(*) FROM coupon_logs l2 WHERE l2.type = 'displayed' AND l2.couponId = l.couponId) AS ""参照回数"", l.couponMasterId AS ""クーポンマスタID"" FROM coupon_logs l JOIN ( SELECT couponId, MAX(createAtMillis) AS createAtMillis FROM coupon_logs WHERE type = 'displayed' GROUP BY couponId ) latest ON l.couponId = latest.couponId AND l.createAtMillis = latest.createAtMillis JOIN organization o ON l.organizationId = o.resourceId AND l.couponMasterId = '4bb8c2f8-5ef7-461d-97ea-312bd1761de5' AND l.couponMasterId = '4bb8c2f8-5ef7-461d-97ea-312bd1761de5' ORDER BY l.couponCode, l.couponName, l.createAtMillis LIMIT 100 OFFSET 0 "
19,1692234666813," _SAME_ AND l.couponMasterId = 'dd64917a-0420-416b-8908-5743ca434627' AND l.couponMasterId = 'dd64917a-0420-416b-8908-5743ca434627' ORDER BY l.couponCode, l.couponName, l.createAtMillis LIMIT 100 OFFSET 0 "," SELECT l.couponId AS ""クーポンID"", o.name AS ""組織名"", l.couponCode AS ""クーポンコード"", l.couponName AS ""クーポン名"", l.barcode AS ""バーコード"", l.operateFrom AS ""操作元"", to_char(TIMESTAMP 'epoch' + (l.createAtMillis / 1000) * INTERVAL '1 second', 'YYYY-MM-DD""T""HH24:MI:SS.MS""Z""') AS ""日時"", (SELECT COUNT(*) FROM coupon_logs l2 WHERE l2.type = 'displayed' AND l2.couponId = l.couponId) AS ""参照回数"", l.couponMasterId AS ""クーポンマスタID"" FROM coupon_logs l JOIN ( SELECT couponId, MAX(createAtMillis) AS createAtMillis FROM coupon_logs WHERE type = 'displayed' GROUP BY couponId ) latest ON l.couponId = latest.couponId AND l.createAtMillis = latest.createAtMillis JOIN organization o ON l.organizationId = o.resourceId AND l.couponMasterId = 'dd64917a-0420-416b-8908-5743ca434627' AND l.couponMasterId = 'dd64917a-0420-416b-8908-5743ca434627' ORDER BY l.couponCode, l.couponName, l.createAtMillis LIMIT 100 OFFSET 0 "
20,1692779748966," _SAME_ AND l.couponMasterId = 'dd64917a-0420-416b-8908-5743ca434627' AND l.couponMasterId = 'dd64917a-0420-416b-8908-5743ca434627' ORDER BY l.couponCode, l.couponName, l.createAtMillis LIMIT 100 OFFSET 0 "," SELECT l.couponId AS ""クーポンID"", o.name AS ""組織名"", l.couponCode AS ""クーポンコード"", l.couponName AS ""クーポン名"", l.barcode AS ""バーコード"", l.operateFrom AS ""操作元"", to_char(TIMESTAMP 'epoch' + (l.createAtMillis / 1000) * INTERVAL '1 second', 'YYYY-MM-DD""T""HH24:MI:SS.MS""Z""') AS ""日時"", (SELECT COUNT(*) FROM coupon_logs l2 WHERE l2.type = 'displayed' AND l2.couponId = l.couponId) AS ""参照回数"", l.couponMasterId AS ""クーポンマスタID"" FROM coupon_logs l JOIN ( SELECT couponId, MAX(createAtMillis) AS createAtMillis FROM coupon_logs WHERE type = 'displayed' GROUP BY couponId ) latest ON l.couponId = latest.couponId AND l.createAtMillis = latest.createAtMillis JOIN organization o ON l.organizationId = o.resourceId AND l.couponMasterId = 'dd64917a-0420-416b-8908-5743ca434627' AND l.couponMasterId = 'dd64917a-0420-416b-8908-5743ca434627' ORDER BY l.couponCode, l.couponName, l.createAtMillis LIMIT 100 OFFSET 0 "
21,1692876787623," _SAME_ AND l.couponMasterId = 'dd64917a-0420-416b-8908-5743ca434627' AND l.couponMasterId = 'dd64917a-0420-416b-8908-5743ca434627' ORDER BY l.couponCode, l.couponName, l.createAtMillis LIMIT 100 OFFSET 0 "," SELECT l.couponId AS ""クーポンID"", o.name AS ""組織名"", l.couponCode AS ""クーポンコード"", l.couponName AS ""クーポン名"", l.barcode AS ""バーコード"", l.operateFrom AS ""操作元"", to_char(TIMESTAMP 'epoch' + (l.createAtMillis / 1000) * INTERVAL '1 second', 'YYYY-MM-DD""T""HH24:MI:SS.MS""Z""') AS ""日時"", (SELECT COUNT(*) FROM coupon_logs l2 WHERE l2.type = 'displayed' AND l2.couponId = l.couponId) AS ""参照回数"", l.couponMasterId AS ""クーポンマスタID"" FROM coupon_logs l JOIN ( SELECT couponId, MAX(createAtMillis) AS createAtMillis FROM coupon_logs WHERE type = 'displayed' GROUP BY couponId ) latest ON l.couponId = latest.couponId AND l.createAtMillis = latest.createAtMillis JOIN organization o ON l.organizationId = o.resourceId AND l.couponMasterId = 'dd64917a-0420-416b-8908-5743ca434627' AND l.couponMasterId = 'dd64917a-0420-416b-8908-5743ca434627' ORDER BY l.couponCode, l.couponName, l.createAtMillis LIMIT 100 OFFSET 0 "
22,1693386151320," _SAME_ AND l.couponMasterId = 'dd64917a-0420-416b-8908-5743ca434627' AND l.couponMasterId = 'dd64917a-0420-416b-8908-5743ca434627' ORDER BY l.couponCode, l.couponName, l.createAtMillis LIMIT 100 OFFSET 0 "," SELECT l.couponId AS ""クーポンID"", o.name AS ""組織名"", l.couponCode AS ""クーポンコード"", l.couponName AS ""クーポン名"", l.barcode AS ""バーコード"", l.operateFrom AS ""操作元"", to_char(TIMESTAMP 'epoch' + (l.createAtMillis / 1000) * INTERVAL '1 second', 'YYYY-MM-DD""T""HH24:MI:SS.MS""Z""') AS ""日時"", (SELECT COUNT(*) FROM coupon_logs l2 WHERE l2.type = 'displayed' AND l2.couponId = l.couponId) AS ""参照回数"", l.couponMasterId AS ""クーポンマスタID"" FROM coupon_logs l JOIN ( SELECT couponId, MAX(createAtMillis) AS createAtMillis FROM coupon_logs WHERE type = 'displayed' GROUP BY couponId ) latest ON l.couponId = latest.couponId AND l.createAtMillis = latest.createAtMillis JOIN organization o ON l.organizationId = o.resourceId AND l.couponMasterId = 'dd64917a-0420-416b-8908-5743ca434627' AND l.couponMasterId = 'dd64917a-0420-416b-8908-5743ca434627' ORDER BY l.couponCode, l.couponName, l.createAtMillis LIMIT 100 OFFSET 0 "
23,1693452324110," _SAME_ AND l.couponMasterId = 'dd64917a-0420-416b-8908-5743ca434627' AND l.couponMasterId = 'dd64917a-0420-416b-8908-5743ca434627' ORDER BY l.couponCode, l.couponName, l.createAtMillis LIMIT 100 OFFSET 0 "," SELECT l.couponId AS ""クーポンID"", o.name AS ""組織名"", l.couponCode AS ""クーポンコード"", l.couponName AS ""クーポン名"", l.barcode AS ""バーコード"", l.operateFrom AS ""操作元"", to_char(TIMESTAMP 'epoch' + (l.createAtMillis / 1000) * INTERVAL '1 second', 'YYYY-MM-DD""T""HH24:MI:SS.MS""Z""') AS ""日時"", (SELECT COUNT(*) FROM coupon_logs l2 WHERE l2.type = 'displayed' AND l2.couponId = l.couponId) AS ""参照回数"", l.couponMasterId AS ""クーポンマスタID"" FROM coupon_logs l JOIN ( SELECT couponId, MAX(createAtMillis) AS createAtMillis FROM coupon_logs WHERE type = 'displayed' GROUP BY couponId ) latest ON l.couponId = latest.couponId AND l.createAtMillis = latest.createAtMillis JOIN organization o ON l.organizationId = o.resourceId AND l.couponMasterId = 'dd64917a-0420-416b-8908-5743ca434627' AND l.couponMasterId = 'dd64917a-0420-416b-8908-5743ca434627' ORDER BY l.couponCode, l.couponName, l.createAtMillis LIMIT 100 OFFSET 0 "
24,1693482567953," _SAME_ AND l.couponMasterId = 'dd64917a-0420-416b-8908-5743ca434627' AND l.couponMasterId = 'dd64917a-0420-416b-8908-5743ca434627' ORDER BY l.couponCode, l.couponName, l.createAtMillis LIMIT 100 OFFSET 0 "," SELECT l.couponId AS ""クーポンID"", o.name AS ""組織名"", l.couponCode AS ""クーポンコード"", l.couponName AS ""クーポン名"", l.barcode AS ""バーコード"", l.operateFrom AS ""操作元"", to_char(TIMESTAMP 'epoch' + (l.createAtMillis / 1000) * INTERVAL '1 second', 'YYYY-MM-DD""T""HH24:MI:SS.MS""Z""') AS ""日時"", (SELECT COUNT(*) FROM coupon_logs l2 WHERE l2.type = 'displayed' AND l2.couponId = l.couponId) AS ""参照回数"", l.couponMasterId AS ""クーポンマスタID"" FROM coupon_logs l JOIN ( SELECT couponId, MAX(createAtMillis) AS createAtMillis FROM coupon_logs WHERE type = 'displayed' GROUP BY couponId ) latest ON l.couponId = latest.couponId AND l.createAtMillis = latest.createAtMillis JOIN organization o ON l.organizationId = o.resourceId AND l.couponMasterId = 'dd64917a-0420-416b-8908-5743ca434627' AND l.couponMasterId = 'dd64917a-0420-416b-8908-5743ca434627' ORDER BY l.couponCode, l.couponName, l.createAtMillis LIMIT 100 OFFSET 0 "
25,1693532570799," _SAME_ AND l.couponMasterId = '4bb8c2f8-5ef7-461d-97ea-312bd1761de5' AND l.couponMasterId = '4bb8c2f8-5ef7-461d-97ea-312bd1761de5' ORDER BY l.couponCode, l.couponName, l.createAtMillis LIMIT 100 OFFSET 0 "," SELECT l.couponId AS ""クーポンID"", o.name AS ""組織名"", l.couponCode AS ""クーポンコード"", l.couponName AS ""クーポン名"", l.barcode AS ""バーコード"", l.operateFrom AS ""操作元"", to_char(TIMESTAMP 'epoch' + (l.createAtMillis / 1000) * INTERVAL '1 second', 'YYYY-MM-DD""T""HH24:MI:SS.MS""Z""') AS ""日時"", (SELECT COUNT(*) FROM coupon_logs l2 WHERE l2.type = 'displayed' AND l2.couponId = l.couponId) AS ""参照回数"", l.couponMasterId AS ""クーポンマスタID"" FROM coupon_logs l JOIN ( SELECT couponId, MAX(createAtMillis) AS createAtMillis FROM coupon_logs WHERE type = 'displayed' GROUP BY couponId ) latest ON l.couponId = latest.couponId AND l.createAtMillis = latest.createAtMillis JOIN organization o ON l.organizationId = o.resourceId AND l.couponMasterId = '4bb8c2f8-5ef7-461d-97ea-312bd1761de5' AND l.couponMasterId = '4bb8c2f8-5ef7-461d-97ea-312bd1761de5' ORDER BY l.couponCode, l.couponName, l.createAtMillis LIMIT 100 OFFSET 0 "
26,1693532787539," _SAME_ AND l.couponMasterId = 'dd64917a-0420-416b-8908-5743ca434627' AND l.couponMasterId = 'dd64917a-0420-416b-8908-5743ca434627' ORDER BY l.couponCode, l.couponName, l.createAtMillis LIMIT 100 OFFSET 0 "," SELECT l.couponId AS ""クーポンID"", o.name AS ""組織名"", l.couponCode AS ""クーポンコード"", l.couponName AS ""クーポン名"", l.barcode AS ""バーコード"", l.operateFrom AS ""操作元"", to_char(TIMESTAMP 'epoch' + (l.createAtMillis / 1000) * INTERVAL '1 second', 'YYYY-MM-DD""T""HH24:MI:SS.MS""Z""') AS ""日時"", (SELECT COUNT(*) FROM coupon_logs l2 WHERE l2.type = 'displayed' AND l2.couponId = l.couponId) AS ""参照回数"", l.couponMasterId AS ""クーポンマスタID"" FROM coupon_logs l JOIN ( SELECT couponId, MAX(createAtMillis) AS createAtMillis FROM coupon_logs WHERE type = 'displayed' GROUP BY couponId ) latest ON l.couponId = latest.couponId AND l.createAtMillis = latest.createAtMillis JOIN organization o ON l.organizationId = o.resourceId AND l.couponMasterId = 'dd64917a-0420-416b-8908-5743ca434627' AND l.couponMasterId = 'dd64917a-0420-416b-8908-5743ca434627' ORDER BY l.couponCode, l.couponName, l.createAtMillis LIMIT 100 OFFSET 0 "
27,1693617818677," _SAME_ AND l.couponMasterId = '03f909d7-5446-4c49-8860-9e2aa00e9cf4' AND l.couponMasterId = '03f909d7-5446-4c49-8860-9e2aa00e9cf4' ORDER BY l.couponCode, l.couponName, l.createAtMillis LIMIT 100 OFFSET 0 "," SELECT l.couponId AS ""クーポンID"", o.name AS ""組織名"", l.couponCode AS ""クーポンコード"", l.couponName AS ""クーポン名"", l.barcode AS ""バーコード"", l.operateFrom AS ""操作元"", to_char(TIMESTAMP 'epoch' + (l.createAtMillis / 1000) * INTERVAL '1 second', 'YYYY-MM-DD""T""HH24:MI:SS.MS""Z""') AS ""日時"", (SELECT COUNT(*) FROM coupon_logs l2 WHERE l2.type = 'displayed' AND l2.couponId = l.couponId) AS ""参照回数"", l.couponMasterId AS ""クーポンマスタID"" FROM coupon_logs l JOIN ( SELECT couponId, MAX(createAtMillis) AS createAtMillis FROM coupon_logs WHERE type = 'displayed' GROUP BY couponId ) latest ON l.couponId = latest.couponId AND l.createAtMillis = latest.createAtMillis JOIN organization o ON l.organizationId = o.resourceId AND l.couponMasterId = '03f909d7-5446-4c49-8860-9e2aa00e9cf4' AND l.couponMasterId = '03f909d7-5446-4c49-8860-9e2aa00e9cf4' ORDER BY l.couponCode, l.couponName, l.createAtMillis LIMIT 100 OFFSET 0 "
28,1693617841634," _SAME_ AND l.couponMasterId = '03f909d7-5446-4c49-8860-9e2aa00e9cf4' AND l.couponMasterId = '03f909d7-5446-4c49-8860-9e2aa00e9cf4' ORDER BY l.couponCode, l.couponName, l.createAtMillis LIMIT 100 OFFSET 100 "," SELECT l.couponId AS ""クーポンID"", o.name AS ""組織名"", l.couponCode AS ""クーポンコード"", l.couponName AS ""クーポン名"", l.barcode AS ""バーコード"", l.operateFrom AS ""操作元"", to_char(TIMESTAMP 'epoch' + (l.createAtMillis / 1000) * INTERVAL '1 second', 'YYYY-MM-DD""T""HH24:MI:SS.MS""Z""') AS ""日時"", (SELECT COUNT(*) FROM coupon_logs l2 WHERE l2.type = 'displayed' AND l2.couponId = l.couponId) AS ""参照回数"", l.couponMasterId AS ""クーポンマスタID"" FROM coupon_logs l JOIN ( SELECT couponId, MAX(createAtMillis) AS createAtMillis FROM coupon_logs WHERE type = 'displayed' GROUP BY couponId ) latest ON l.couponId = latest.couponId AND l.createAtMillis = latest.createAtMillis JOIN organization o ON l.organizationId = o.resourceId AND l.couponMasterId = '03f909d7-5446-4c49-8860-9e2aa00e9cf4' AND l.couponMasterId = '03f909d7-5446-4c49-8860-9e2aa00e9cf4' ORDER BY l.couponCode, l.couponName, l.createAtMillis LIMIT 100 OFFSET 100 "
29,1695390114896," _SAME_ AND l.couponMasterId = '6d7a9d27-c27c-41aa-9f24-7434fe0e7508' AND l.couponMasterId = '6d7a9d27-c27c-41aa-9f24-7434fe0e7508' ORDER BY l.couponCode, l.couponName, l.createAtMillis LIMIT 100 OFFSET 0 "," SELECT l.couponId AS ""クーポンID"", o.name AS ""組織名"", l.couponCode AS ""クーポンコード"", l.couponName AS ""クーポン名"", l.barcode AS ""バーコード"", l.operateFrom AS ""操作元"", to_char(TIMESTAMP 'epoch' + (l.createAtMillis / 1000) * INTERVAL '1 second', 'YYYY-MM-DD""T""HH24:MI:SS.MS""Z""') AS ""日時"", (SELECT COUNT(*) FROM coupon_logs l2 WHERE l2.type = 'displayed' AND l2.couponId = l.couponId) AS ""参照回数"", l.couponMasterId AS ""クーポンマスタID"" FROM coupon_logs l JOIN ( SELECT couponId, MAX(createAtMillis) AS createAtMillis FROM coupon_logs WHERE type = 'displayed' GROUP BY couponId ) latest ON l.couponId = latest.couponId AND l.createAtMillis = latest.createAtMillis JOIN organization o ON l.organizationId = o.resourceId AND l.couponMasterId = '6d7a9d27-c27c-41aa-9f24-7434fe0e7508' AND l.couponMasterId = '6d7a9d27-c27c-41aa-9f24-7434fe0e7508' ORDER BY l.couponCode, l.couponName, l.createAtMillis LIMIT 100 OFFSET 0 "
30,1695730335566," _SAME_ AND l.couponMasterId = '5006d7ac-57de-4ffb-a313-68a1ea20df85' AND l.couponMasterId = '5006d7ac-57de-4ffb-a313-68a1ea20df85' ORDER BY l.couponCode, l.couponName, l.createAtMillis LIMIT 100 OFFSET 0 "," SELECT l.couponId AS ""クーポンID"", o.name AS ""組織名"", l.couponCode AS ""クーポンコード"", l.couponName AS ""クーポン名"", l.barcode AS ""バーコード"", l.operateFrom AS ""操作元"", to_char(TIMESTAMP 'epoch' + (l.createAtMillis / 1000) * INTERVAL '1 second', 'YYYY-MM-DD""T""HH24:MI:SS.MS""Z""') AS ""日時"", (SELECT COUNT(*) FROM coupon_logs l2 WHERE l2.type = 'displayed' AND l2.couponId = l.couponId) AS ""参照回数"", l.couponMasterId AS ""クーポンマスタID"" FROM coupon_logs l JOIN ( SELECT couponId, MAX(createAtMillis) AS createAtMillis FROM coupon_logs WHERE type = 'displayed' GROUP BY couponId ) latest ON l.couponId = latest.couponId AND l.createAtMillis = latest.createAtMillis JOIN organization o ON l.organizationId = o.resourceId AND l.couponMasterId = '5006d7ac-57de-4ffb-a313-68a1ea20df85' AND l.couponMasterId = '5006d7ac-57de-4ffb-a313-68a1ea20df85' ORDER BY l.couponCode, l.couponName, l.createAtMillis LIMIT 100 OFFSET 0 "
31,1695730381027," _SAME_ AND l.couponMasterId = '5006d7ac-57de-4ffb-a313-68a1ea20df85' AND l.couponMasterId = '5006d7ac-57de-4ffb-a313-68a1ea20df85' ORDER BY l.couponCode, l.couponName, l.createAtMillis LIMIT 100 OFFSET 100 "," SELECT l.couponId AS ""クーポンID"", o.name AS ""組織名"", l.couponCode AS ""クーポンコード"", l.couponName AS ""クーポン名"", l.barcode AS ""バーコード"", l.operateFrom AS ""操作元"", to_char(TIMESTAMP 'epoch' + (l.createAtMillis / 1000) * INTERVAL '1 second', 'YYYY-MM-DD""T""HH24:MI:SS.MS""Z""') AS ""日時"", (SELECT COUNT(*) FROM coupon_logs l2 WHERE l2.type = 'displayed' AND l2.couponId = l.couponId) AS ""参照回数"", l.couponMasterId AS ""クーポンマスタID"" FROM coupon_logs l JOIN ( SELECT couponId, MAX(createAtMillis) AS createAtMillis FROM coupon_logs WHERE type = 'displayed' GROUP BY couponId ) latest ON l.couponId = latest.couponId AND l.createAtMillis = latest.createAtMillis JOIN organization o ON l.organizationId = o.resourceId AND l.couponMasterId = '5006d7ac-57de-4ffb-a313-68a1ea20df85' AND l.couponMasterId = '5006d7ac-57de-4ffb-a313-68a1ea20df85' ORDER BY l.couponCode, l.couponName, l.createAtMillis LIMIT 100 OFFSET 100 "
32,1696235289441," _SAME_ AND l.couponMasterId = '38a405c5-bdff-4aaa-8189-aaca9b05d1e4' AND l.couponMasterId = '38a405c5-bdff-4aaa-8189-aaca9b05d1e4' ORDER BY l.couponCode, l.couponName, l.createAtMillis LIMIT 100 OFFSET 0 "," SELECT l.couponId AS ""クーポンID"", o.name AS ""組織名"", l.couponCode AS ""クーポンコード"", l.couponName AS ""クーポン名"", l.barcode AS ""バーコード"", l.operateFrom AS ""操作元"", to_char(TIMESTAMP 'epoch' + (l.createAtMillis / 1000) * INTERVAL '1 second', 'YYYY-MM-DD""T""HH24:MI:SS.MS""Z""') AS ""日時"", (SELECT COUNT(*) FROM coupon_logs l2 WHERE l2.type = 'displayed' AND l2.couponId = l.couponId) AS ""参照回数"", l.couponMasterId AS ""クーポンマスタID"" FROM coupon_logs l JOIN ( SELECT couponId, MAX(createAtMillis) AS createAtMillis FROM coupon_logs WHERE type = 'displayed' GROUP BY couponId ) latest ON l.couponId = latest.couponId AND l.createAtMillis = latest.createAtMillis JOIN organization o ON l.organizationId = o.resourceId AND l.couponMasterId = '38a405c5-bdff-4aaa-8189-aaca9b05d1e4' AND l.couponMasterId = '38a405c5-bdff-4aaa-8189-aaca9b05d1e4' ORDER BY l.couponCode, l.couponName, l.createAtMillis LIMIT 100 OFFSET 0 "
33,1696235497961," _SAME_ AND l.couponMasterId = '21ad38e3-7cfe-475c-9dcc-f60e0fccd183' AND l.couponMasterId = '21ad38e3-7cfe-475c-9dcc-f60e0fccd183' ORDER BY l.couponCode, l.couponName, l.createAtMillis LIMIT 100 OFFSET 0 "," SELECT l.couponId AS ""クーポンID"", o.name AS ""組織名"", l.couponCode AS ""クーポンコード"", l.couponName AS ""クーポン名"", l.barcode AS ""バーコード"", l.operateFrom AS ""操作元"", to_char(TIMESTAMP 'epoch' + (l.createAtMillis / 1000) * INTERVAL '1 second', 'YYYY-MM-DD""T""HH24:MI:SS.MS""Z""') AS ""日時"", (SELECT COUNT(*) FROM coupon_logs l2 WHERE l2.type = 'displayed' AND l2.couponId = l.couponId) AS ""参照回数"", l.couponMasterId AS ""クーポンマスタID"" FROM coupon_logs l JOIN ( SELECT couponId, MAX(createAtMillis) AS createAtMillis FROM coupon_logs WHERE type = 'displayed' GROUP BY couponId ) latest ON l.couponId = latest.couponId AND l.createAtMillis = latest.createAtMillis JOIN organization o ON l.organizationId = o.resourceId AND l.couponMasterId = '21ad38e3-7cfe-475c-9dcc-f60e0fccd183' AND l.couponMasterId = '21ad38e3-7cfe-475c-9dcc-f60e0fccd183' ORDER BY l.couponCode, l.couponName, l.createAtMillis LIMIT 100 OFFSET 0 "
34,1696237702053," _SAME_ AND l.couponMasterId = '38a405c5-bdff-4aaa-8189-aaca9b05d1e4' AND l.couponMasterId = '38a405c5-bdff-4aaa-8189-aaca9b05d1e4' ORDER BY l.couponCode, l.couponName, l.createAtMillis LIMIT 100 OFFSET 0 "," SELECT l.couponId AS ""クーポンID"", o.name AS ""組織名"", l.couponCode AS ""クーポンコード"", l.couponName AS ""クーポン名"", l.barcode AS ""バーコード"", l.operateFrom AS ""操作元"", to_char(TIMESTAMP 'epoch' + (l.createAtMillis / 1000) * INTERVAL '1 second', 'YYYY-MM-DD""T""HH24:MI:SS.MS""Z""') AS ""日時"", (SELECT COUNT(*) FROM coupon_logs l2 WHERE l2.type = 'displayed' AND l2.couponId = l.couponId) AS ""参照回数"", l.couponMasterId AS ""クーポンマスタID"" FROM coupon_logs l JOIN ( SELECT couponId, MAX(createAtMillis) AS createAtMillis FROM coupon_logs WHERE type = 'displayed' GROUP BY couponId ) latest ON l.couponId = latest.couponId AND l.createAtMillis = latest.createAtMillis JOIN organization o ON l.organizationId = o.resourceId AND l.couponMasterId = '38a405c5-bdff-4aaa-8189-aaca9b05d1e4' AND l.couponMasterId = '38a405c5-bdff-4aaa-8189-aaca9b05d1e4' ORDER BY l.couponCode, l.couponName, l.createAtMillis LIMIT 100 OFFSET 0 "
35,1696316656020," _SAME_ AND l.couponMasterId = '5006d7ac-57de-4ffb-a313-68a1ea20df85' AND l.couponMasterId = '5006d7ac-57de-4ffb-a313-68a1ea20df85' ORDER BY l.couponCode, l.couponName, l.createAtMillis LIMIT 100 OFFSET 0 "," SELECT l.couponId AS ""クーポンID"", o.name AS ""組織名"", l.couponCode AS ""クーポンコード"", l.couponName AS ""クーポン名"", l.barcode AS ""バーコード"", l.operateFrom AS ""操作元"", to_char(TIMESTAMP 'epoch' + (l.createAtMillis / 1000) * INTERVAL '1 second', 'YYYY-MM-DD""T""HH24:MI:SS.MS""Z""') AS ""日時"", (SELECT COUNT(*) FROM coupon_logs l2 WHERE l2.type = 'displayed' AND l2.couponId = l.couponId) AS ""参照回数"", l.couponMasterId AS ""クーポンマスタID"" FROM coupon_logs l JOIN ( SELECT couponId, MAX(createAtMillis) AS createAtMillis FROM coupon_logs WHERE type = 'displayed' GROUP BY couponId ) latest ON l.couponId = latest.couponId AND l.createAtMillis = latest.createAtMillis JOIN organization o ON l.organizationId = o.resourceId AND l.couponMasterId = '5006d7ac-57de-4ffb-a313-68a1ea20df85' AND l.couponMasterId = '5006d7ac-57de-4ffb-a313-68a1ea20df85' ORDER BY l.couponCode, l.couponName, l.createAtMillis LIMIT 100 OFFSET 0 "
36,1696317214589," _SAME_ AND l.couponMasterId = '5006d7ac-57de-4ffb-a313-68a1ea20df85' AND l.couponMasterId = '5006d7ac-57de-4ffb-a313-68a1ea20df85' AND l.couponName LIKE '%本番%' ORDER BY l.couponCode, l.couponName, l.createAtMillis LIMIT 100 OFFSET 0 "," SELECT l.couponId AS ""クーポンID"", o.name AS ""組織名"", l.couponCode AS ""クーポンコード"", l.couponName AS ""クーポン名"", l.barcode AS ""バーコード"", l.operateFrom AS ""操作元"", to_char(TIMESTAMP 'epoch' + (l.createAtMillis / 1000) * INTERVAL '1 second', 'YYYY-MM-DD""T""HH24:MI:SS.MS""Z""') AS ""日時"", (SELECT COUNT(*) FROM coupon_logs l2 WHERE l2.type = 'displayed' AND l2.couponId = l.couponId) AS ""参照回数"", l.couponMasterId AS ""クーポンマスタID"" FROM coupon_logs l JOIN ( SELECT couponId, MAX(createAtMillis) AS createAtMillis FROM coupon_logs WHERE type = 'displayed' GROUP BY couponId ) latest ON l.couponId = latest.couponId AND l.createAtMillis = latest.createAtMillis JOIN organization o ON l.organizationId = o.resourceId AND l.couponMasterId = '5006d7ac-57de-4ffb-a313-68a1ea20df85' AND l.couponMasterId = '5006d7ac-57de-4ffb-a313-68a1ea20df85' AND l.couponName LIKE '%本番%' ORDER BY l.couponCode, l.couponName, l.createAtMillis LIMIT 100 OFFSET 0 "
37,1697033648956," _SAME_ AND l.couponMasterId = 'f07248c3-9a9b-482d-8aef-b19cf0aceaa2' AND l.couponMasterId = 'f07248c3-9a9b-482d-8aef-b19cf0aceaa2' ORDER BY l.couponCode, l.couponName, l.createAtMillis LIMIT 100 OFFSET 0 "," SELECT l.couponId AS ""クーポンID"", o.name AS ""組織名"", l.couponCode AS ""クーポンコード"", l.couponName AS ""クーポン名"", l.barcode AS ""バーコード"", l.operateFrom AS ""操作元"", to_char(TIMESTAMP 'epoch' + (l.createAtMillis / 1000) * INTERVAL '1 second', 'YYYY-MM-DD""T""HH24:MI:SS.MS""Z""') AS ""日時"", (SELECT COUNT(*) FROM coupon_logs l2 WHERE l2.type = 'displayed' AND l2.couponId = l.couponId) AS ""参照回数"", l.couponMasterId AS ""クーポンマスタID"" FROM coupon_logs l JOIN ( SELECT couponId, MAX(createAtMillis) AS createAtMillis FROM coupon_logs WHERE type = 'displayed' GROUP BY couponId ) latest ON l.couponId = latest.couponId AND l.createAtMillis = latest.createAtMillis JOIN organization o ON l.organizationId = o.resourceId AND l.couponMasterId = 'f07248c3-9a9b-482d-8aef-b19cf0aceaa2' AND l.couponMasterId = 'f07248c3-9a9b-482d-8aef-b19cf0aceaa2' ORDER BY l.couponCode, l.couponName, l.createAtMillis LIMIT 100 OFFSET 0 "
38,1697033709347," _SAME_ AND l.couponMasterId = 'f07248c3-9a9b-482d-8aef-b19cf0aceaa2' AND l.couponMasterId = 'f07248c3-9a9b-482d-8aef-b19cf0aceaa2' ORDER BY l.couponCode, l.couponName, l.createAtMillis LIMIT 100 OFFSET 100 "," SELECT l.couponId AS ""クーポンID"", o.name AS ""組織名"", l.couponCode AS ""クーポンコード"", l.couponName AS ""クーポン名"", l.barcode AS ""バーコード"", l.operateFrom AS ""操作元"", to_char(TIMESTAMP 'epoch' + (l.createAtMillis / 1000) * INTERVAL '1 second', 'YYYY-MM-DD""T""HH24:MI:SS.MS""Z""') AS ""日時"", (SELECT COUNT(*) FROM coupon_logs l2 WHERE l2.type = 'displayed' AND l2.couponId = l.couponId) AS ""参照回数"", l.couponMasterId AS ""クーポンマスタID"" FROM coupon_logs l JOIN ( SELECT couponId, MAX(createAtMillis) AS createAtMillis FROM coupon_logs WHERE type = 'displayed' GROUP BY couponId ) latest ON l.couponId = latest.couponId AND l.createAtMillis = latest.createAtMillis JOIN organization o ON l.organizationId = o.resourceId AND l.couponMasterId = 'f07248c3-9a9b-482d-8aef-b19cf0aceaa2' AND l.couponMasterId = 'f07248c3-9a9b-482d-8aef-b19cf0aceaa2' ORDER BY l.couponCode, l.couponName, l.createAtMillis LIMIT 100 OFFSET 100 "
39,1697033748366," _SAME_ AND l.couponMasterId = 'f07248c3-9a9b-482d-8aef-b19cf0aceaa2' AND l.couponMasterId = 'f07248c3-9a9b-482d-8aef-b19cf0aceaa2' ORDER BY l.couponCode, l.couponName, l.createAtMillis LIMIT 100 OFFSET 200 "," SELECT l.couponId AS ""クーポンID"", o.name AS ""組織名"", l.couponCode AS ""クーポンコード"", l.couponName AS ""クーポン名"", l.barcode AS ""バーコード"", l.operateFrom AS ""操作元"", to_char(TIMESTAMP 'epoch' + (l.createAtMillis / 1000) * INTERVAL '1 second', 'YYYY-MM-DD""T""HH24:MI:SS.MS""Z""') AS ""日時"", (SELECT COUNT(*) FROM coupon_logs l2 WHERE l2.type = 'displayed' AND l2.couponId = l.couponId) AS ""参照回数"", l.couponMasterId AS ""クーポンマスタID"" FROM coupon_logs l JOIN ( SELECT couponId, MAX(createAtMillis) AS createAtMillis FROM coupon_logs WHERE type = 'displayed' GROUP BY couponId ) latest ON l.couponId = latest.couponId AND l.createAtMillis = latest.createAtMillis JOIN organization o ON l.organizationId = o.resourceId AND l.couponMasterId = 'f07248c3-9a9b-482d-8aef-b19cf0aceaa2' AND l.couponMasterId = 'f07248c3-9a9b-482d-8aef-b19cf0aceaa2' ORDER BY l.couponCode, l.couponName, l.createAtMillis LIMIT 100 OFFSET 200 "
40,1698195657289," _SAME_ AND l.couponMasterId = 'fcb6da48-238c-48d9-99a2-2b20ae643c8b' AND l.couponMasterId = 'fcb6da48-238c-48d9-99a2-2b20ae643c8b' ORDER BY l.couponCode, l.couponName, l.createAtMillis LIMIT 100 OFFSET 0 "," SELECT l.couponId AS ""クーポンID"", o.name AS ""組織名"", l.couponCode AS ""クーポンコード"", l.couponName AS ""クーポン名"", l.barcode AS ""バーコード"", l.operateFrom AS ""操作元"", to_char(TIMESTAMP 'epoch' + (l.createAtMillis / 1000) * INTERVAL '1 second', 'YYYY-MM-DD""T""HH24:MI:SS.MS""Z""') AS ""日時"", (SELECT COUNT(*) FROM coupon_logs l2 WHERE l2.type = 'displayed' AND l2.couponId = l.couponId) AS ""参照回数"", l.couponMasterId AS ""クーポンマスタID"" FROM coupon_logs l JOIN ( SELECT couponId, MAX(createAtMillis) AS createAtMillis FROM coupon_logs WHERE type = 'displayed' GROUP BY couponId ) latest ON l.couponId = latest.couponId AND l.createAtMillis = latest.createAtMillis JOIN organization o ON l.organizationId = o.resourceId AND l.couponMasterId = 'fcb6da48-238c-48d9-99a2-2b20ae643c8b' AND l.couponMasterId = 'fcb6da48-238c-48d9-99a2-2b20ae643c8b' ORDER BY l.couponCode, l.couponName, l.createAtMillis LIMIT 100 OFFSET 0 "
41,1698730289936," _SAME_ AND l.couponMasterId = '3c8acca2-c979-437b-bf60-a08af860888e' AND l.couponMasterId = '3c8acca2-c979-437b-bf60-a08af860888e' ORDER BY l.couponCode, l.couponName, l.createAtMillis LIMIT 100 OFFSET 0 "," SELECT l.couponId AS ""クーポンID"", o.name AS ""組織名"", l.couponCode AS ""クーポンコード"", l.couponName AS ""クーポン名"", l.barcode AS ""バーコード"", l.operateFrom AS ""操作元"", to_char(TIMESTAMP 'epoch' + (l.createAtMillis / 1000) * INTERVAL '1 second', 'YYYY-MM-DD""T""HH24:MI:SS.MS""Z""') AS ""日時"", (SELECT COUNT(*) FROM coupon_logs l2 WHERE l2.type = 'displayed' AND l2.couponId = l.couponId) AS ""参照回数"", l.couponMasterId AS ""クーポンマスタID"" FROM coupon_logs l JOIN ( SELECT couponId, MAX(createAtMillis) AS createAtMillis FROM coupon_logs WHERE type = 'displayed' GROUP BY couponId ) latest ON l.couponId = latest.couponId AND l.createAtMillis = latest.createAtMillis JOIN organization o ON l.organizationId = o.resourceId AND l.couponMasterId = '3c8acca2-c979-437b-bf60-a08af860888e' AND l.couponMasterId = '3c8acca2-c979-437b-bf60-a08af860888e' ORDER BY l.couponCode, l.couponName, l.createAtMillis LIMIT 100 OFFSET 0 "
42,1698798809326," _SAME_ AND l.couponMasterId = '3c8acca2-c979-437b-bf60-a08af860888e' AND l.couponMasterId = '3c8acca2-c979-437b-bf60-a08af860888e' ORDER BY l.couponCode, l.couponName, l.createAtMillis LIMIT 100 OFFSET 0 "," SELECT l.couponId AS ""クーポンID"", o.name AS ""組織名"", l.couponCode AS ""クーポンコード"", l.couponName AS ""クーポン名"", l.barcode AS ""バーコード"", l.operateFrom AS ""操作元"", to_char(TIMESTAMP 'epoch' + (l.createAtMillis / 1000) * INTERVAL '1 second', 'YYYY-MM-DD""T""HH24:MI:SS.MS""Z""') AS ""日時"", (SELECT COUNT(*) FROM coupon_logs l2 WHERE l2.type = 'displayed' AND l2.couponId = l.couponId) AS ""参照回数"", l.couponMasterId AS ""クーポンマスタID"" FROM coupon_logs l JOIN ( SELECT couponId, MAX(createAtMillis) AS createAtMillis FROM coupon_logs WHERE type = 'displayed' GROUP BY couponId ) latest ON l.couponId = latest.couponId AND l.createAtMillis = latest.createAtMillis JOIN organization o ON l.organizationId = o.resourceId AND l.couponMasterId = '3c8acca2-c979-437b-bf60-a08af860888e' AND l.couponMasterId = '3c8acca2-c979-437b-bf60-a08af860888e' ORDER BY l.couponCode, l.couponName, l.createAtMillis LIMIT 100 OFFSET 0 "
43,1698915588683," _SAME_ AND l.couponMasterId = 'cbb980b6-fb05-4010-8376-941502ef2c06' AND l.couponMasterId = 'cbb980b6-fb05-4010-8376-941502ef2c06' ORDER BY l.couponCode, l.couponName, l.createAtMillis LIMIT 100 OFFSET 0 "," SELECT l.couponId AS ""クーポンID"", o.name AS ""組織名"", l.couponCode AS ""クーポンコード"", l.couponName AS ""クーポン名"", l.barcode AS ""バーコード"", l.operateFrom AS ""操作元"", to_char(TIMESTAMP 'epoch' + (l.createAtMillis / 1000) * INTERVAL '1 second', 'YYYY-MM-DD""T""HH24:MI:SS.MS""Z""') AS ""日時"", (SELECT COUNT(*) FROM coupon_logs l2 WHERE l2.type = 'displayed' AND l2.couponId = l.couponId) AS ""参照回数"", l.couponMasterId AS ""クーポンマスタID"" FROM coupon_logs l JOIN ( SELECT couponId, MAX(createAtMillis) AS createAtMillis FROM coupon_logs WHERE type = 'displayed' GROUP BY couponId ) latest ON l.couponId = latest.couponId AND l.createAtMillis = latest.createAtMillis JOIN organization o ON l.organizationId = o.resourceId AND l.couponMasterId = 'cbb980b6-fb05-4010-8376-941502ef2c06' AND l.couponMasterId = 'cbb980b6-fb05-4010-8376-941502ef2c06' ORDER BY l.couponCode, l.couponName, l.createAtMillis LIMIT 100 OFFSET 0 "
44,1698915622681," _SAME_ AND l.couponMasterId = 'cbb980b6-fb05-4010-8376-941502ef2c06' AND l.couponMasterId = 'cbb980b6-fb05-4010-8376-941502ef2c06' ORDER BY l.couponCode, l.couponName, l.createAtMillis LIMIT 100 OFFSET 100 "," SELECT l.couponId AS ""クーポンID"", o.name AS ""組織名"", l.couponCode AS ""クーポンコード"", l.couponName AS ""クーポン名"", l.barcode AS ""バーコード"", l.operateFrom AS ""操作元"", to_char(TIMESTAMP 'epoch' + (l.createAtMillis / 1000) * INTERVAL '1 second', 'YYYY-MM-DD""T""HH24:MI:SS.MS""Z""') AS ""日時"", (SELECT COUNT(*) FROM coupon_logs l2 WHERE l2.type = 'displayed' AND l2.couponId = l.couponId) AS ""参照回数"", l.couponMasterId AS ""クーポンマスタID"" FROM coupon_logs l JOIN ( SELECT couponId, MAX(createAtMillis) AS createAtMillis FROM coupon_logs WHERE type = 'displayed' GROUP BY couponId ) latest ON l.couponId = latest.couponId AND l.createAtMillis = latest.createAtMillis JOIN organization o ON l.organizationId = o.resourceId AND l.couponMasterId = 'cbb980b6-fb05-4010-8376-941502ef2c06' AND l.couponMasterId = 'cbb980b6-fb05-4010-8376-941502ef2c06' ORDER BY l.couponCode, l.couponName, l.createAtMillis LIMIT 100 OFFSET 100 "
45,1698915986375," _SAME_ AND l.couponMasterId = 'cbb980b6-fb05-4010-8376-941502ef2c06' AND l.couponMasterId = 'cbb980b6-fb05-4010-8376-941502ef2c06' ORDER BY l.couponCode, l.couponName, l.createAtMillis LIMIT 100 OFFSET 0 "," SELECT l.couponId AS ""クーポンID"", o.name AS ""組織名"", l.couponCode AS ""クーポンコード"", l.couponName AS ""クーポン名"", l.barcode AS ""バーコード"", l.operateFrom AS ""操作元"", to_char(TIMESTAMP 'epoch' + (l.createAtMillis / 1000) * INTERVAL '1 second', 'YYYY-MM-DD""T""HH24:MI:SS.MS""Z""') AS ""日時"", (SELECT COUNT(*) FROM coupon_logs l2 WHERE l2.type = 'displayed' AND l2.couponId = l.couponId) AS ""参照回数"", l.couponMasterId AS ""クーポンマスタID"" FROM coupon_logs l JOIN ( SELECT couponId, MAX(createAtMillis) AS createAtMillis FROM coupon_logs WHERE type = 'displayed' GROUP BY couponId ) latest ON l.couponId = latest.couponId AND l.createAtMillis = latest.createAtMillis JOIN organization o ON l.organizationId = o.resourceId AND l.couponMasterId = 'cbb980b6-fb05-4010-8376-941502ef2c06' AND l.couponMasterId = 'cbb980b6-fb05-4010-8376-941502ef2c06' ORDER BY l.couponCode, l.couponName, l.createAtMillis LIMIT 100 OFFSET 0 "
46,1698916303792," _SAME_ AND l.couponMasterId = '0c31274e-aff1-45c5-a484-813689f9fbb9' AND l.couponMasterId = '0c31274e-aff1-45c5-a484-813689f9fbb9' ORDER BY l.couponCode, l.couponName, l.createAtMillis LIMIT 100 OFFSET 0 "," SELECT l.couponId AS ""クーポンID"", o.name AS ""組織名"", l.couponCode AS ""クーポンコード"", l.couponName AS ""クーポン名"", l.barcode AS ""バーコード"", l.operateFrom AS ""操作元"", to_char(TIMESTAMP 'epoch' + (l.createAtMillis / 1000) * INTERVAL '1 second', 'YYYY-MM-DD""T""HH24:MI:SS.MS""Z""') AS ""日時"", (SELECT COUNT(*) FROM coupon_logs l2 WHERE l2.type = 'displayed' AND l2.couponId = l.couponId) AS ""参照回数"", l.couponMasterId AS ""クーポンマスタID"" FROM coupon_logs l JOIN ( SELECT couponId, MAX(createAtMillis) AS createAtMillis FROM coupon_logs WHERE type = 'displayed' GROUP BY couponId ) latest ON l.couponId = latest.couponId AND l.createAtMillis = latest.createAtMillis JOIN organization o ON l.organizationId = o.resourceId AND l.couponMasterId = '0c31274e-aff1-45c5-a484-813689f9fbb9' AND l.couponMasterId = '0c31274e-aff1-45c5-a484-813689f9fbb9' ORDER BY l.couponCode, l.couponName, l.createAtMillis LIMIT 100 OFFSET 0 "
47,1698916807377," _SAME_ AND l.couponMasterId = '3155024d-3274-48df-aecd-dcfec3269553' AND l.couponMasterId = '3155024d-3274-48df-aecd-dcfec3269553' ORDER BY l.couponCode, l.couponName, l.createAtMillis LIMIT 100 OFFSET 0 "," SELECT l.couponId AS ""クーポンID"", o.name AS ""組織名"", l.couponCode AS ""クーポンコード"", l.couponName AS ""クーポン名"", l.barcode AS ""バーコード"", l.operateFrom AS ""操作元"", to_char(TIMESTAMP 'epoch' + (l.createAtMillis / 1000) * INTERVAL '1 second', 'YYYY-MM-DD""T""HH24:MI:SS.MS""Z""') AS ""日時"", (SELECT COUNT(*) FROM coupon_logs l2 WHERE l2.type = 'displayed' AND l2.couponId = l.couponId) AS ""参照回数"", l.couponMasterId AS ""クーポンマスタID"" FROM coupon_logs l JOIN ( SELECT couponId, MAX(createAtMillis) AS createAtMillis FROM coupon_logs WHERE type = 'displayed' GROUP BY couponId ) latest ON l.couponId = latest.couponId AND l.createAtMillis = latest.createAtMillis JOIN organization o ON l.organizationId = o.resourceId AND l.couponMasterId = '3155024d-3274-48df-aecd-dcfec3269553' AND l.couponMasterId = '3155024d-3274-48df-aecd-dcfec3269553' ORDER BY l.couponCode, l.couponName, l.createAtMillis LIMIT 100 OFFSET 0 "
48,1698917577780," _SAME_ AND l.couponMasterId = '8c29f80a-0031-40ba-9506-6dad8a8527c7' AND l.couponMasterId = '8c29f80a-0031-40ba-9506-6dad8a8527c7' ORDER BY l.couponCode, l.couponName, l.createAtMillis LIMIT 100 OFFSET 0 "," SELECT l.couponId AS ""クーポンID"", o.name AS ""組織名"", l.couponCode AS ""クーポンコード"", l.couponName AS ""クーポン名"", l.barcode AS ""バーコード"", l.operateFrom AS ""操作元"", to_char(TIMESTAMP 'epoch' + (l.createAtMillis / 1000) * INTERVAL '1 second', 'YYYY-MM-DD""T""HH24:MI:SS.MS""Z""') AS ""日時"", (SELECT COUNT(*) FROM coupon_logs l2 WHERE l2.type = 'displayed' AND l2.couponId = l.couponId) AS ""参照回数"", l.couponMasterId AS ""クーポンマスタID"" FROM coupon_logs l JOIN ( SELECT couponId, MAX(createAtMillis) AS createAtMillis FROM coupon_logs WHERE type = 'displayed' GROUP BY couponId ) latest ON l.couponId = latest.couponId AND l.createAtMillis = latest.createAtMillis JOIN organization o ON l.organizationId = o.resourceId AND l.couponMasterId = '8c29f80a-0031-40ba-9506-6dad8a8527c7' AND l.couponMasterId = '8c29f80a-0031-40ba-9506-6dad8a8527c7' ORDER BY l.couponCode, l.couponName, l.createAtMillis LIMIT 100 OFFSET 0 "
49,1698917875571," _SAME_ AND l.couponMasterId = '662eb874-6d39-4fac-b2f6-6bc0f24b83d9' AND l.couponMasterId = '662eb874-6d39-4fac-b2f6-6bc0f24b83d9' ORDER BY l.couponCode, l.couponName, l.createAtMillis LIMIT 100 OFFSET 0 "," SELECT l.couponId AS ""クーポンID"", o.name AS ""組織名"", l.couponCode AS ""クーポンコード"", l.couponName AS ""クーポン名"", l.barcode AS ""バーコード"", l.operateFrom AS ""操作元"", to_char(TIMESTAMP 'epoch' + (l.createAtMillis / 1000) * INTERVAL '1 second', 'YYYY-MM-DD""T""HH24:MI:SS.MS""Z""') AS ""日時"", (SELECT COUNT(*) FROM coupon_logs l2 WHERE l2.type = 'displayed' AND l2.couponId = l.couponId) AS ""参照回数"", l.couponMasterId AS ""クーポンマスタID"" FROM coupon_logs l JOIN ( SELECT couponId, MAX(createAtMillis) AS createAtMillis FROM coupon_logs WHERE type = 'displayed' GROUP BY couponId ) latest ON l.couponId = latest.couponId AND l.createAtMillis = latest.createAtMillis JOIN organization o ON l.organizationId = o.resourceId AND l.couponMasterId = '662eb874-6d39-4fac-b2f6-6bc0f24b83d9' AND l.couponMasterId = '662eb874-6d39-4fac-b2f6-6bc0f24b83d9' ORDER BY l.couponCode, l.couponName, l.createAtMillis LIMIT 100 OFFSET 0 "
50,1698918003892," _SAME_ AND l.couponMasterId = '604f4d8b-9eaf-4f0e-9e8b-b70dfdf0bcfa' AND l.couponMasterId = '604f4d8b-9eaf-4f0e-9e8b-b70dfdf0bcfa' ORDER BY l.couponCode, l.couponName, l.createAtMillis LIMIT 100 OFFSET 0 "," SELECT l.couponId AS ""クーポンID"", o.name AS ""組織名"", l.couponCode AS ""クーポンコード"", l.couponName AS ""クーポン名"", l.barcode AS ""バーコード"", l.operateFrom AS ""操作元"", to_char(TIMESTAMP 'epoch' + (l.createAtMillis / 1000) * INTERVAL '1 second', 'YYYY-MM-DD""T""HH24:MI:SS.MS""Z""') AS ""日時"", (SELECT COUNT(*) FROM coupon_logs l2 WHERE l2.type = 'displayed' AND l2.couponId = l.couponId) AS ""参照回数"", l.couponMasterId AS ""クーポンマスタID"" FROM coupon_logs l JOIN ( SELECT couponId, MAX(createAtMillis) AS createAtMillis FROM coupon_logs WHERE type = 'displayed' GROUP BY couponId ) latest ON l.couponId = latest.couponId AND l.createAtMillis = latest.createAtMillis JOIN organization o ON l.organizationId = o.resourceId AND l.couponMasterId = '604f4d8b-9eaf-4f0e-9e8b-b70dfdf0bcfa' AND l.couponMasterId = '604f4d8b-9eaf-4f0e-9e8b-b70dfdf0bcfa' ORDER BY l.couponCode, l.couponName, l.createAtMillis LIMIT 100 OFFSET 0 "
51,1698918149298," _SAME_ AND l.couponMasterId = '524d5638-3470-4985-a934-4f18a96cb6f9' AND l.couponMasterId = '524d5638-3470-4985-a934-4f18a96cb6f9' ORDER BY l.couponCode, l.couponName, l.createAtMillis LIMIT 100 OFFSET 0 "," SELECT l.couponId AS ""クーポンID"", o.name AS ""組織名"", l.couponCode AS ""クーポンコード"", l.couponName AS ""クーポン名"", l.barcode AS ""バーコード"", l.operateFrom AS ""操作元"", to_char(TIMESTAMP 'epoch' + (l.createAtMillis / 1000) * INTERVAL '1 second', 'YYYY-MM-DD""T""HH24:MI:SS.MS""Z""') AS ""日時"", (SELECT COUNT(*) FROM coupon_logs l2 WHERE l2.type = 'displayed' AND l2.couponId = l.couponId) AS ""参照回数"", l.couponMasterId AS ""クーポンマスタID"" FROM coupon_logs l JOIN ( SELECT couponId, MAX(createAtMillis) AS createAtMillis FROM coupon_logs WHERE type = 'displayed' GROUP BY couponId ) latest ON l.couponId = latest.couponId AND l.createAtMillis = latest.createAtMillis JOIN organization o ON l.organizationId = o.resourceId AND l.couponMasterId = '524d5638-3470-4985-a934-4f18a96cb6f9' AND l.couponMasterId = '524d5638-3470-4985-a934-4f18a96cb6f9' ORDER BY l.couponCode, l.couponName, l.createAtMillis LIMIT 100 OFFSET 0 "
52,1698918262559," _SAME_ AND l.couponMasterId = '86f32483-d6d0-4b24-b398-86d2a9b973bf' AND l.couponMasterId = '86f32483-d6d0-4b24-b398-86d2a9b973bf' ORDER BY l.couponCode, l.couponName, l.createAtMillis LIMIT 100 OFFSET 0 "," SELECT l.couponId AS ""クーポンID"", o.name AS ""組織名"", l.couponCode AS ""クーポンコード"", l.couponName AS ""クーポン名"", l.barcode AS ""バーコード"", l.operateFrom AS ""操作元"", to_char(TIMESTAMP 'epoch' + (l.createAtMillis / 1000) * INTERVAL '1 second', 'YYYY-MM-DD""T""HH24:MI:SS.MS""Z""') AS ""日時"", (SELECT COUNT(*) FROM coupon_logs l2 WHERE l2.type = 'displayed' AND l2.couponId = l.couponId) AS ""参照回数"", l.couponMasterId AS ""クーポンマスタID"" FROM coupon_logs l JOIN ( SELECT couponId, MAX(createAtMillis) AS createAtMillis FROM coupon_logs WHERE type = 'displayed' GROUP BY couponId ) latest ON l.couponId = latest.couponId AND l.createAtMillis = latest.createAtMillis JOIN organization o ON l.organizationId = o.resourceId AND l.couponMasterId = '86f32483-d6d0-4b24-b398-86d2a9b973bf' AND l.couponMasterId = '86f32483-d6d0-4b24-b398-86d2a9b973bf' ORDER BY l.couponCode, l.couponName, l.createAtMillis LIMIT 100 OFFSET 0 "
53,1698918386687," _SAME_ AND l.couponMasterId = '6df3da1c-39e1-46c2-85a8-4ca214147b00' AND l.couponMasterId = '6df3da1c-39e1-46c2-85a8-4ca214147b00' ORDER BY l.couponCode, l.couponName, l.createAtMillis LIMIT 100 OFFSET 0 "," SELECT l.couponId AS ""クーポンID"", o.name AS ""組織名"", l.couponCode AS ""クーポンコード"", l.couponName AS ""クーポン名"", l.barcode AS ""バーコード"", l.operateFrom AS ""操作元"", to_char(TIMESTAMP 'epoch' + (l.createAtMillis / 1000) * INTERVAL '1 second', 'YYYY-MM-DD""T""HH24:MI:SS.MS""Z""') AS ""日時"", (SELECT COUNT(*) FROM coupon_logs l2 WHERE l2.type = 'displayed' AND l2.couponId = l.couponId) AS ""参照回数"", l.couponMasterId AS ""クーポンマスタID"" FROM coupon_logs l JOIN ( SELECT couponId, MAX(createAtMillis) AS createAtMillis FROM coupon_logs WHERE type = 'displayed' GROUP BY couponId ) latest ON l.couponId = latest.couponId AND l.createAtMillis = latest.createAtMillis JOIN organization o ON l.organizationId = o.resourceId AND l.couponMasterId = '6df3da1c-39e1-46c2-85a8-4ca214147b00' AND l.couponMasterId = '6df3da1c-39e1-46c2-85a8-4ca214147b00' ORDER BY l.couponCode, l.couponName, l.createAtMillis LIMIT 100 OFFSET 0 "
54,1698930522510," _SAME_ AND l.couponMasterId = '2a562577-1545-4bec-91da-ce847508420a' AND l.couponMasterId = '2a562577-1545-4bec-91da-ce847508420a' ORDER BY l.couponCode, l.couponName, l.createAtMillis LIMIT 100 OFFSET 0 "," SELECT l.couponId AS ""クーポンID"", o.name AS ""組織名"", l.couponCode AS ""クーポンコード"", l.couponName AS ""クーポン名"", l.barcode AS ""バーコード"", l.operateFrom AS ""操作元"", to_char(TIMESTAMP 'epoch' + (l.createAtMillis / 1000) * INTERVAL '1 second', 'YYYY-MM-DD""T""HH24:MI:SS.MS""Z""') AS ""日時"", (SELECT COUNT(*) FROM coupon_logs l2 WHERE l2.type = 'displayed' AND l2.couponId = l.couponId) AS ""参照回数"", l.couponMasterId AS ""クーポンマスタID"" FROM coupon_logs l JOIN ( SELECT couponId, MAX(createAtMillis) AS createAtMillis FROM coupon_logs WHERE type = 'displayed' GROUP BY couponId ) latest ON l.couponId = latest.couponId AND l.createAtMillis = latest.createAtMillis JOIN organization o ON l.organizationId = o.resourceId AND l.couponMasterId = '2a562577-1545-4bec-91da-ce847508420a' AND l.couponMasterId = '2a562577-1545-4bec-91da-ce847508420a' ORDER BY l.couponCode, l.couponName, l.createAtMillis LIMIT 100 OFFSET 0 "
55,1699228793742," _SAME_ AND l.couponMasterId = '8c29f80a-0031-40ba-9506-6dad8a8527c7' AND l.couponMasterId = '8c29f80a-0031-40ba-9506-6dad8a8527c7' ORDER BY l.couponCode, l.couponName, l.createAtMillis LIMIT 100 OFFSET 0 "," SELECT l.couponId AS ""クーポンID"", o.name AS ""組織名"", l.couponCode AS ""クーポンコード"", l.couponName AS ""クーポン名"", l.barcode AS ""バーコード"", l.operateFrom AS ""操作元"", to_char(TIMESTAMP 'epoch' + (l.createAtMillis / 1000) * INTERVAL '1 second', 'YYYY-MM-DD""T""HH24:MI:SS.MS""Z""') AS ""日時"", (SELECT COUNT(*) FROM coupon_logs l2 WHERE l2.type = 'displayed' AND l2.couponId = l.couponId) AS ""参照回数"", l.couponMasterId AS ""クーポンマスタID"" FROM coupon_logs l JOIN ( SELECT couponId, MAX(createAtMillis) AS createAtMillis FROM coupon_logs WHERE type = 'displayed' GROUP BY couponId ) latest ON l.couponId = latest.couponId AND l.createAtMillis = latest.createAtMillis JOIN organization o ON l.organizationId = o.resourceId AND l.couponMasterId = '8c29f80a-0031-40ba-9506-6dad8a8527c7' AND l.couponMasterId = '8c29f80a-0031-40ba-9506-6dad8a8527c7' ORDER BY l.couponCode, l.couponName, l.createAtMillis LIMIT 100 OFFSET 0 "
56,1699234077543," _SAME_ AND l.couponMasterId = 'cbb980b6-fb05-4010-8376-941502ef2c06' AND l.couponMasterId = 'cbb980b6-fb05-4010-8376-941502ef2c06' ORDER BY l.couponCode, l.couponName, l.createAtMillis LIMIT 100 OFFSET 0 "," SELECT l.couponId AS ""クーポンID"", o.name AS ""組織名"", l.couponCode AS ""クーポンコード"", l.couponName AS ""クーポン名"", l.barcode AS ""バーコード"", l.operateFrom AS ""操作元"", to_char(TIMESTAMP 'epoch' + (l.createAtMillis / 1000) * INTERVAL '1 second', 'YYYY-MM-DD""T""HH24:MI:SS.MS""Z""') AS ""日時"", (SELECT COUNT(*) FROM coupon_logs l2 WHERE l2.type = 'displayed' AND l2.couponId = l.couponId) AS ""参照回数"", l.couponMasterId AS ""クーポンマスタID"" FROM coupon_logs l JOIN ( SELECT couponId, MAX(createAtMillis) AS createAtMillis FROM coupon_logs WHERE type = 'displayed' GROUP BY couponId ) latest ON l.couponId = latest.couponId AND l.createAtMillis = latest.createAtMillis JOIN organization o ON l.organizationId = o.resourceId AND l.couponMasterId = 'cbb980b6-fb05-4010-8376-941502ef2c06' AND l.couponMasterId = 'cbb980b6-fb05-4010-8376-941502ef2c06' ORDER BY l.couponCode, l.couponName, l.createAtMillis LIMIT 100 OFFSET 0 "
57,1699235670177," _SAME_ AND l.couponMasterId = '0c31274e-aff1-45c5-a484-813689f9fbb9' AND l.couponMasterId = '0c31274e-aff1-45c5-a484-813689f9fbb9' ORDER BY l.couponCode, l.couponName, l.createAtMillis LIMIT 100 OFFSET 0 "," SELECT l.couponId AS ""クーポンID"", o.name AS ""組織名"", l.couponCode AS ""クーポンコード"", l.couponName AS ""クーポン名"", l.barcode AS ""バーコード"", l.operateFrom AS ""操作元"", to_char(TIMESTAMP 'epoch' + (l.createAtMillis / 1000) * INTERVAL '1 second', 'YYYY-MM-DD""T""HH24:MI:SS.MS""Z""') AS ""日時"", (SELECT COUNT(*) FROM coupon_logs l2 WHERE l2.type = 'displayed' AND l2.couponId = l.couponId) AS ""参照回数"", l.couponMasterId AS ""クーポンマスタID"" FROM coupon_logs l JOIN ( SELECT couponId, MAX(createAtMillis) AS createAtMillis FROM coupon_logs WHERE type = 'displayed' GROUP BY couponId ) latest ON l.couponId = latest.couponId AND l.createAtMillis = latest.createAtMillis JOIN organization o ON l.organizationId = o.resourceId AND l.couponMasterId = '0c31274e-aff1-45c5-a484-813689f9fbb9' AND l.couponMasterId = '0c31274e-aff1-45c5-a484-813689f9fbb9' ORDER BY l.couponCode, l.couponName, l.createAtMillis LIMIT 100 OFFSET 0 "
58,1699235804009," _SAME_ AND l.couponMasterId = '3155024d-3274-48df-aecd-dcfec3269553' AND l.couponMasterId = '3155024d-3274-48df-aecd-dcfec3269553' ORDER BY l.couponCode, l.couponName, l.createAtMillis LIMIT 100 OFFSET 0 "," SELECT l.couponId AS ""クーポンID"", o.name AS ""組織名"", l.couponCode AS ""クーポンコード"", l.couponName AS ""クーポン名"", l.barcode AS ""バーコード"", l.operateFrom AS ""操作元"", to_char(TIMESTAMP 'epoch' + (l.createAtMillis / 1000) * INTERVAL '1 second', 'YYYY-MM-DD""T""HH24:MI:SS.MS""Z""') AS ""日時"", (SELECT COUNT(*) FROM coupon_logs l2 WHERE l2.type = 'displayed' AND l2.couponId = l.couponId) AS ""参照回数"", l.couponMasterId AS ""クーポンマスタID"" FROM coupon_logs l JOIN ( SELECT couponId, MAX(createAtMillis) AS createAtMillis FROM coupon_logs WHERE type = 'displayed' GROUP BY couponId ) latest ON l.couponId = latest.couponId AND l.createAtMillis = latest.createAtMillis JOIN organization o ON l.organizationId = o.resourceId AND l.couponMasterId = '3155024d-3274-48df-aecd-dcfec3269553' AND l.couponMasterId = '3155024d-3274-48df-aecd-dcfec3269553' ORDER BY l.couponCode, l.couponName, l.createAtMillis LIMIT 100 OFFSET 0 "
59,1699235934431," _SAME_ AND l.couponMasterId = '8c29f80a-0031-40ba-9506-6dad8a8527c7' AND l.couponMasterId = '8c29f80a-0031-40ba-9506-6dad8a8527c7' ORDER BY l.couponCode, l.couponName, l.createAtMillis LIMIT 100 OFFSET 0 "," SELECT l.couponId AS ""クーポンID"", o.name AS ""組織名"", l.couponCode AS ""クーポンコード"", l.couponName AS ""クーポン名"", l.barcode AS ""バーコード"", l.operateFrom AS ""操作元"", to_char(TIMESTAMP 'epoch' + (l.createAtMillis / 1000) * INTERVAL '1 second', 'YYYY-MM-DD""T""HH24:MI:SS.MS""Z""') AS ""日時"", (SELECT COUNT(*) FROM coupon_logs l2 WHERE l2.type = 'displayed' AND l2.couponId = l.couponId) AS ""参照回数"", l.couponMasterId AS ""クーポンマスタID"" FROM coupon_logs l JOIN ( SELECT couponId, MAX(createAtMillis) AS createAtMillis FROM coupon_logs WHERE type = 'displayed' GROUP BY couponId ) latest ON l.couponId = latest.couponId AND l.createAtMillis = latest.createAtMillis JOIN organization o ON l.organizationId = o.resourceId AND l.couponMasterId = '8c29f80a-0031-40ba-9506-6dad8a8527c7' AND l.couponMasterId = '8c29f80a-0031-40ba-9506-6dad8a8527c7' ORDER BY l.couponCode, l.couponName, l.createAtMillis LIMIT 100 OFFSET 0 "
60,1699236097640," _SAME_ AND l.couponMasterId = '662eb874-6d39-4fac-b2f6-6bc0f24b83d9' AND l.couponMasterId = '662eb874-6d39-4fac-b2f6-6bc0f24b83d9' ORDER BY l.couponCode, l.couponName, l.createAtMillis LIMIT 100 OFFSET 0 "," SELECT l.couponId AS ""クーポンID"", o.name AS ""組織名"", l.couponCode AS ""クーポンコード"", l.couponName AS ""クーポン名"", l.barcode AS ""バーコード"", l.operateFrom AS ""操作元"", to_char(TIMESTAMP 'epoch' + (l.createAtMillis / 1000) * INTERVAL '1 second', 'YYYY-MM-DD""T""HH24:MI:SS.MS""Z""') AS ""日時"", (SELECT COUNT(*) FROM coupon_logs l2 WHERE l2.type = 'displayed' AND l2.couponId = l.couponId) AS ""参照回数"", l.couponMasterId AS ""クーポンマスタID"" FROM coupon_logs l JOIN ( SELECT couponId, MAX(createAtMillis) AS createAtMillis FROM coupon_logs WHERE type = 'displayed' GROUP BY couponId ) latest ON l.couponId = latest.couponId AND l.createAtMillis = latest.createAtMillis JOIN organization o ON l.organizationId = o.resourceId AND l.couponMasterId = '662eb874-6d39-4fac-b2f6-6bc0f24b83d9' AND l.couponMasterId = '662eb874-6d39-4fac-b2f6-6bc0f24b83d9' ORDER BY l.couponCode, l.couponName, l.createAtMillis LIMIT 100 OFFSET 0 "
61,1699236306159," _SAME_ AND l.couponMasterId = '604f4d8b-9eaf-4f0e-9e8b-b70dfdf0bcfa' AND l.couponMasterId = '604f4d8b-9eaf-4f0e-9e8b-b70dfdf0bcfa' ORDER BY l.couponCode, l.couponName, l.createAtMillis LIMIT 100 OFFSET 0 "," SELECT l.couponId AS ""クーポンID"", o.name AS ""組織名"", l.couponCode AS ""クーポンコード"", l.couponName AS ""クーポン名"", l.barcode AS ""バーコード"", l.operateFrom AS ""操作元"", to_char(TIMESTAMP 'epoch' + (l.createAtMillis / 1000) * INTERVAL '1 second', 'YYYY-MM-DD""T""HH24:MI:SS.MS""Z""') AS ""日時"", (SELECT COUNT(*) FROM coupon_logs l2 WHERE l2.type = 'displayed' AND l2.couponId = l.couponId) AS ""参照回数"", l.couponMasterId AS ""クーポンマスタID"" FROM coupon_logs l JOIN ( SELECT couponId, MAX(createAtMillis) AS createAtMillis FROM coupon_logs WHERE type = 'displayed' GROUP BY couponId ) latest ON l.couponId = latest.couponId AND l.createAtMillis = latest.createAtMillis JOIN organization o ON l.organizationId = o.resourceId AND l.couponMasterId = '604f4d8b-9eaf-4f0e-9e8b-b70dfdf0bcfa' AND l.couponMasterId = '604f4d8b-9eaf-4f0e-9e8b-b70dfdf0bcfa' ORDER BY l.couponCode, l.couponName, l.createAtMillis LIMIT 100 OFFSET 0 "
62,1699236544396," _SAME_ AND l.couponMasterId = '524d5638-3470-4985-a934-4f18a96cb6f9' AND l.couponMasterId = '524d5638-3470-4985-a934-4f18a96cb6f9' ORDER BY l.couponCode, l.couponName, l.createAtMillis LIMIT 100 OFFSET 0 "," SELECT l.couponId AS ""クーポンID"", o.name AS ""組織名"", l.couponCode AS ""クーポンコード"", l.couponName AS ""クーポン名"", l.barcode AS ""バーコード"", l.operateFrom AS ""操作元"", to_char(TIMESTAMP 'epoch' + (l.createAtMillis / 1000) * INTERVAL '1 second', 'YYYY-MM-DD""T""HH24:MI:SS.MS""Z""') AS ""日時"", (SELECT COUNT(*) FROM coupon_logs l2 WHERE l2.type = 'displayed' AND l2.couponId = l.couponId) AS ""参照回数"", l.couponMasterId AS ""クーポンマスタID"" FROM coupon_logs l JOIN ( SELECT couponId, MAX(createAtMillis) AS createAtMillis FROM coupon_logs WHERE type = 'displayed' GROUP BY couponId ) latest ON l.couponId = latest.couponId AND l.createAtMillis = latest.createAtMillis JOIN organization o ON l.organizationId = o.resourceId AND l.couponMasterId = '524d5638-3470-4985-a934-4f18a96cb6f9' AND l.couponMasterId = '524d5638-3470-4985-a934-4f18a96cb6f9' ORDER BY l.couponCode, l.couponName, l.createAtMillis LIMIT 100 OFFSET 0 "
63,1699236666618," _SAME_ AND l.couponMasterId = '86f32483-d6d0-4b24-b398-86d2a9b973bf' AND l.couponMasterId = '86f32483-d6d0-4b24-b398-86d2a9b973bf' ORDER BY l.couponCode, l.couponName, l.createAtMillis LIMIT 100 OFFSET 0 "," SELECT l.couponId AS ""クーポンID"", o.name AS ""組織名"", l.couponCode AS ""クーポンコード"", l.couponName AS ""クーポン名"", l.barcode AS ""バーコード"", l.operateFrom AS ""操作元"", to_char(TIMESTAMP 'epoch' + (l.createAtMillis / 1000) * INTERVAL '1 second', 'YYYY-MM-DD""T""HH24:MI:SS.MS""Z""') AS ""日時"", (SELECT COUNT(*) FROM coupon_logs l2 WHERE l2.type = 'displayed' AND l2.couponId = l.couponId) AS ""参照回数"", l.couponMasterId AS ""クーポンマスタID"" FROM coupon_logs l JOIN ( SELECT couponId, MAX(createAtMillis) AS createAtMillis FROM coupon_logs WHERE type = 'displayed' GROUP BY couponId ) latest ON l.couponId = latest.couponId AND l.createAtMillis = latest.createAtMillis JOIN organization o ON l.organizationId = o.resourceId AND l.couponMasterId = '86f32483-d6d0-4b24-b398-86d2a9b973bf' AND l.couponMasterId = '86f32483-d6d0-4b24-b398-86d2a9b973bf' ORDER BY l.couponCode, l.couponName, l.createAtMillis LIMIT 100 OFFSET 0 "
64,1699236788375," _SAME_ AND l.couponMasterId = '6df3da1c-39e1-46c2-85a8-4ca214147b00' AND l.couponMasterId = '6df3da1c-39e1-46c2-85a8-4ca214147b00' ORDER BY l.couponCode, l.couponName, l.createAtMillis LIMIT 100 OFFSET 0 "," SELECT l.couponId AS ""クーポンID"", o.name AS ""組織名"", l.couponCode AS ""クーポンコード"", l.couponName AS ""クーポン名"", l.barcode AS ""バーコード"", l.operateFrom AS ""操作元"", to_char(TIMESTAMP 'epoch' + (l.createAtMillis / 1000) * INTERVAL '1 second', 'YYYY-MM-DD""T""HH24:MI:SS.MS""Z""') AS ""日時"", (SELECT COUNT(*) FROM coupon_logs l2 WHERE l2.type = 'displayed' AND l2.couponId = l.couponId) AS ""参照回数"", l.couponMasterId AS ""クーポンマスタID"" FROM coupon_logs l JOIN ( SELECT couponId, MAX(createAtMillis) AS createAtMillis FROM coupon_logs WHERE type = 'displayed' GROUP BY couponId ) latest ON l.couponId = latest.couponId AND l.createAtMillis = latest.createAtMillis JOIN organization o ON l.organizationId = o.resourceId AND l.couponMasterId = '6df3da1c-39e1-46c2-85a8-4ca214147b00' AND l.couponMasterId = '6df3da1c-39e1-46c2-85a8-4ca214147b00' ORDER BY l.couponCode, l.couponName, l.createAtMillis LIMIT 100 OFFSET 0 "
65,1701047791521," _SAME_ AND l.couponMasterId = 'fcb6da48-238c-48d9-99a2-2b20ae643c8b' AND l.couponMasterId = 'fcb6da48-238c-48d9-99a2-2b20ae643c8b' ORDER BY l.couponCode, l.couponName, l.createAtMillis LIMIT 100 OFFSET 0 "," SELECT l.couponId AS ""クーポンID"", o.name AS ""組織名"", l.couponCode AS ""クーポンコード"", l.couponName AS ""クーポン名"", l.barcode AS ""バーコード"", l.operateFrom AS ""操作元"", to_char(TIMESTAMP 'epoch' + (l.createAtMillis / 1000) * INTERVAL '1 second', 'YYYY-MM-DD""T""HH24:MI:SS.MS""Z""') AS ""日時"", (SELECT COUNT(*) FROM coupon_logs l2 WHERE l2.type = 'displayed' AND l2.couponId = l.couponId) AS ""参照回数"", l.couponMasterId AS ""クーポンマスタID"" FROM coupon_logs l JOIN ( SELECT couponId, MAX(createAtMillis) AS createAtMillis FROM coupon_logs WHERE type = 'displayed' GROUP BY couponId ) latest ON l.couponId = latest.couponId AND l.createAtMillis = latest.createAtMillis JOIN organization o ON l.organizationId = o.resourceId AND l.couponMasterId = 'fcb6da48-238c-48d9-99a2-2b20ae643c8b' AND l.couponMasterId = 'fcb6da48-238c-48d9-99a2-2b20ae643c8b' ORDER BY l.couponCode, l.couponName, l.createAtMillis LIMIT 100 OFFSET 0 "
66,1701218404637," _SAME_ AND l.couponMasterId = 'fcb6da48-238c-48d9-99a2-2b20ae643c8b' AND l.couponMasterId = 'fcb6da48-238c-48d9-99a2-2b20ae643c8b' ORDER BY l.couponCode, l.couponName, l.createAtMillis LIMIT 100 OFFSET 0 "," SELECT l.couponId AS ""クーポンID"", o.name AS ""組織名"", l.couponCode AS ""クーポンコード"", l.couponName AS ""クーポン名"", l.barcode AS ""バーコード"", l.operateFrom AS ""操作元"", to_char(TIMESTAMP 'epoch' + (l.createAtMillis / 1000) * INTERVAL '1 second', 'YYYY-MM-DD""T""HH24:MI:SS.MS""Z""') AS ""日時"", (SELECT COUNT(*) FROM coupon_logs l2 WHERE l2.type = 'displayed' AND l2.couponId = l.couponId) AS ""参照回数"", l.couponMasterId AS ""クーポンマスタID"" FROM coupon_logs l JOIN ( SELECT couponId, MAX(createAtMillis) AS createAtMillis FROM coupon_logs WHERE type = 'displayed' GROUP BY couponId ) latest ON l.couponId = latest.couponId AND l.createAtMillis = latest.createAtMillis JOIN organization o ON l.organizationId = o.resourceId AND l.couponMasterId = 'fcb6da48-238c-48d9-99a2-2b20ae643c8b' AND l.couponMasterId = 'fcb6da48-238c-48d9-99a2-2b20ae643c8b' ORDER BY l.couponCode, l.couponName, l.createAtMillis LIMIT 100 OFFSET 0 "
67,1704434414098," _SAME_ AND l.couponMasterId = 'da7b9138-b61b-4623-a016-9e6c381f6faf' AND l.couponMasterId = 'da7b9138-b61b-4623-a016-9e6c381f6faf' ORDER BY l.couponCode, l.couponName, l.createAtMillis LIMIT 100 OFFSET 0 "," SELECT l.couponId AS ""クーポンID"", o.name AS ""組織名"", l.couponCode AS ""クーポンコード"", l.couponName AS ""クーポン名"", l.barcode AS ""バーコード"", l.operateFrom AS ""操作元"", to_char(TIMESTAMP 'epoch' + (l.createAtMillis / 1000) * INTERVAL '1 second', 'YYYY-MM-DD""T""HH24:MI:SS.MS""Z""') AS ""日時"", (SELECT COUNT(*) FROM coupon_logs l2 WHERE l2.type = 'displayed' AND l2.couponId = l.couponId) AS ""参照回数"", l.couponMasterId AS ""クーポンマスタID"" FROM coupon_logs l JOIN ( SELECT couponId, MAX(createAtMillis) AS createAtMillis FROM coupon_logs WHERE type = 'displayed' GROUP BY couponId ) latest ON l.couponId = latest.couponId AND l.createAtMillis = latest.createAtMillis JOIN organization o ON l.organizationId = o.resourceId AND l.couponMasterId = 'da7b9138-b61b-4623-a016-9e6c381f6faf' AND l.couponMasterId = 'da7b9138-b61b-4623-a016-9e6c381f6faf' ORDER BY l.couponCode, l.couponName, l.createAtMillis LIMIT 100 OFFSET 0 "
68,1712284027498," _SAME_ AND l.couponMasterId = '8b61966a-4b24-4982-b013-9604848f86f0' AND l.couponMasterId = '8b61966a-4b24-4982-b013-9604848f86f0' ORDER BY l.couponCode, l.couponName, l.createAtMillis LIMIT 100 OFFSET 0 "," SELECT l.couponId AS ""クーポンID"", o.name AS ""組織名"", l.couponCode AS ""クーポンコード"", l.couponName AS ""クーポン名"", l.barcode AS ""バーコード"", l.operateFrom AS ""操作元"", to_char(TIMESTAMP 'epoch' + (l.createAtMillis / 1000) * INTERVAL '1 second', 'YYYY-MM-DD""T""HH24:MI:SS.MS""Z""') AS ""日時"", (SELECT COUNT(*) FROM coupon_logs l2 WHERE l2.type = 'displayed' AND l2.couponId = l.couponId) AS ""参照回数"", l.couponMasterId AS ""クーポンマスタID"" FROM coupon_logs l JOIN ( SELECT couponId, MAX(createAtMillis) AS createAtMillis FROM coupon_logs WHERE type = 'displayed' GROUP BY couponId ) latest ON l.couponId = latest.couponId AND l.createAtMillis = latest.createAtMillis JOIN organization o ON l.organizationId = o.resourceId AND l.couponMasterId = '8b61966a-4b24-4982-b013-9604848f86f0' AND l.couponMasterId = '8b61966a-4b24-4982-b013-9604848f86f0' ORDER BY l.couponCode, l.couponName, l.createAtMillis LIMIT 100 OFFSET 0 "
69,1712291486616," _SAME_ AND l.couponMasterId = '8b61966a-4b24-4982-b013-9604848f86f0' AND l.couponMasterId = '8b61966a-4b24-4982-b013-9604848f86f0' ORDER BY l.couponCode, l.couponName, l.createAtMillis LIMIT 100 OFFSET 100 "," SELECT l.couponId AS ""クーポンID"", o.name AS ""組織名"", l.couponCode AS ""クーポンコード"", l.couponName AS ""クーポン名"", l.barcode AS ""バーコード"", l.operateFrom AS ""操作元"", to_char(TIMESTAMP 'epoch' + (l.createAtMillis / 1000) * INTERVAL '1 second', 'YYYY-MM-DD""T""HH24:MI:SS.MS""Z""') AS ""日時"", (SELECT COUNT(*) FROM coupon_logs l2 WHERE l2.type = 'displayed' AND l2.couponId = l.couponId) AS ""参照回数"", l.couponMasterId AS ""クーポンマスタID"" FROM coupon_logs l JOIN ( SELECT couponId, MAX(createAtMillis) AS createAtMillis FROM coupon_logs WHERE type = 'displayed' GROUP BY couponId ) latest ON l.couponId = latest.couponId AND l.createAtMillis = latest.createAtMillis JOIN organization o ON l.organizationId = o.resourceId AND l.couponMasterId = '8b61966a-4b24-4982-b013-9604848f86f0' AND l.couponMasterId = '8b61966a-4b24-4982-b013-9604848f86f0' ORDER BY l.couponCode, l.couponName, l.createAtMillis LIMIT 100 OFFSET 100 "
70,1712816622781," _SAME_ AND l.couponMasterId = '11e73cb4-8eb1-487d-8e1a-fe18492c7931' AND l.couponMasterId = '11e73cb4-8eb1-487d-8e1a-fe18492c7931' ORDER BY l.couponCode, l.couponName, l.createAtMillis LIMIT 100 OFFSET 0 "," SELECT l.couponId AS ""クーポンID"", o.name AS ""組織名"", l.couponCode AS ""クーポンコード"", l.couponName AS ""クーポン名"", l.barcode AS ""バーコード"", l.operateFrom AS ""操作元"", to_char(TIMESTAMP 'epoch' + (l.createAtMillis / 1000) * INTERVAL '1 second', 'YYYY-MM-DD""T""HH24:MI:SS.MS""Z""') AS ""日時"", (SELECT COUNT(*) FROM coupon_logs l2 WHERE l2.type = 'displayed' AND l2.couponId = l.couponId) AS ""参照回数"", l.couponMasterId AS ""クーポンマスタID"" FROM coupon_logs l JOIN ( SELECT couponId, MAX(createAtMillis) AS createAtMillis FROM coupon_logs WHERE type = 'displayed' GROUP BY couponId ) latest ON l.couponId = latest.couponId AND l.createAtMillis = latest.createAtMillis JOIN organization o ON l.organizationId = o.resourceId AND l.couponMasterId = '11e73cb4-8eb1-487d-8e1a-fe18492c7931' AND l.couponMasterId = '11e73cb4-8eb1-487d-8e1a-fe18492c7931' ORDER BY l.couponCode, l.couponName, l.createAtMillis LIMIT 100 OFFSET 0 "
71,1712901002285," _SAME_ AND l.couponMasterId = 'cb2791c9-6222-4000-a88d-1999a6a14757' AND l.couponMasterId = 'cb2791c9-6222-4000-a88d-1999a6a14757' ORDER BY l.couponCode, l.couponName, l.createAtMillis LIMIT 100 OFFSET 0 "," SELECT l.couponId AS ""クーポンID"", o.name AS ""組織名"", l.couponCode AS ""クーポンコード"", l.couponName AS ""クーポン名"", l.barcode AS ""バーコード"", l.operateFrom AS ""操作元"", to_char(TIMESTAMP 'epoch' + (l.createAtMillis / 1000) * INTERVAL '1 second', 'YYYY-MM-DD""T""HH24:MI:SS.MS""Z""') AS ""日時"", (SELECT COUNT(*) FROM coupon_logs l2 WHERE l2.type = 'displayed' AND l2.couponId = l.couponId) AS ""参照回数"", l.couponMasterId AS ""クーポンマスタID"" FROM coupon_logs l JOIN ( SELECT couponId, MAX(createAtMillis) AS createAtMillis FROM coupon_logs WHERE type = 'displayed' GROUP BY couponId ) latest ON l.couponId = latest.couponId AND l.createAtMillis = latest.createAtMillis JOIN organization o ON l.organizationId = o.resourceId AND l.couponMasterId = 'cb2791c9-6222-4000-a88d-1999a6a14757' AND l.couponMasterId = 'cb2791c9-6222-4000-a88d-1999a6a14757' ORDER BY l.couponCode, l.couponName, l.createAtMillis LIMIT 100 OFFSET 0 "
72,1714036163804," _SAME_ AND l.couponMasterId = 'd378b49a-b5b8-4bfb-a3cc-a32b0b80f392' AND l.couponMasterId = 'd378b49a-b5b8-4bfb-a3cc-a32b0b80f392' ORDER BY l.couponCode, l.couponName, l.createAtMillis LIMIT 100 OFFSET 0 "," SELECT l.couponId AS ""クーポンID"", o.name AS ""組織名"", l.couponCode AS ""クーポンコード"", l.couponName AS ""クーポン名"", l.barcode AS ""バーコード"", l.operateFrom AS ""操作元"", to_char(TIMESTAMP 'epoch' + (l.createAtMillis / 1000) * INTERVAL '1 second', 'YYYY-MM-DD""T""HH24:MI:SS.MS""Z""') AS ""日時"", (SELECT COUNT(*) FROM coupon_logs l2 WHERE l2.type = 'displayed' AND l2.couponId = l.couponId) AS ""参照回数"", l.couponMasterId AS ""クーポンマスタID"" FROM coupon_logs l JOIN ( SELECT couponId, MAX(createAtMillis) AS createAtMillis FROM coupon_logs WHERE type = 'displayed' GROUP BY couponId ) latest ON l.couponId = latest.couponId AND l.createAtMillis = latest.createAtMillis JOIN organization o ON l.organizationId = o.resourceId AND l.couponMasterId = 'd378b49a-b5b8-4bfb-a3cc-a32b0b80f392' AND l.couponMasterId = 'd378b49a-b5b8-4bfb-a3cc-a32b0b80f392' ORDER BY l.couponCode, l.couponName, l.createAtMillis LIMIT 100 OFFSET 0 "
73,1716952091549," _SAME_ AND l.couponMasterId = '6e739fef-9f12-4c93-bb5a-aa4615f92ff3' AND l.couponMasterId = '6e739fef-9f12-4c93-bb5a-aa4615f92ff3' ORDER BY l.couponCode, l.couponName, l.createAtMillis LIMIT 100 OFFSET 0 "," SELECT l.couponId AS ""クーポンID"", o.name AS ""組織名"", l.couponCode AS ""クーポンコード"", l.couponName AS ""クーポン名"", l.barcode AS ""バーコード"", l.operateFrom AS ""操作元"", to_char(TIMESTAMP 'epoch' + (l.createAtMillis / 1000) * INTERVAL '1 second', 'YYYY-MM-DD""T""HH24:MI:SS.MS""Z""') AS ""日時"", (SELECT COUNT(*) FROM coupon_logs l2 WHERE l2.type = 'displayed' AND l2.couponId = l.couponId) AS ""参照回数"", l.couponMasterId AS ""クーポンマスタID"" FROM coupon_logs l JOIN ( SELECT couponId, MAX(createAtMillis) AS createAtMillis FROM coupon_logs WHERE type = 'displayed' GROUP BY couponId ) latest ON l.couponId = latest.couponId AND l.createAtMillis = latest.createAtMillis JOIN organization o ON l.organizationId = o.resourceId AND l.couponMasterId = '6e739fef-9f12-4c93-bb5a-aa4615f92ff3' AND l.couponMasterId = '6e739fef-9f12-4c93-bb5a-aa4615f92ff3' ORDER BY l.couponCode, l.couponName, l.createAtMillis LIMIT 100 OFFSET 0 "
74,1716952223684," _SAME_ AND l.couponMasterId = '6e739fef-9f12-4c93-bb5a-aa4615f92ff3' AND l.couponMasterId = '6e739fef-9f12-4c93-bb5a-aa4615f92ff3' ORDER BY l.couponCode, l.couponName, l.createAtMillis LIMIT 100 OFFSET 100 "," SELECT l.couponId AS ""クーポンID"", o.name AS ""組織名"", l.couponCode AS ""クーポンコード"", l.couponName AS ""クーポン名"", l.barcode AS ""バーコード"", l.operateFrom AS ""操作元"", to_char(TIMESTAMP 'epoch' + (l.createAtMillis / 1000) * INTERVAL '1 second', 'YYYY-MM-DD""T""HH24:MI:SS.MS""Z""') AS ""日時"", (SELECT COUNT(*) FROM coupon_logs l2 WHERE l2.type = 'displayed' AND l2.couponId = l.couponId) AS ""参照回数"", l.couponMasterId AS ""クーポンマスタID"" FROM coupon_logs l JOIN ( SELECT couponId, MAX(createAtMillis) AS createAtMillis FROM coupon_logs WHERE type = 'displayed' GROUP BY couponId ) latest ON l.couponId = latest.couponId AND l.createAtMillis = latest.createAtMillis JOIN organization o ON l.organizationId = o.resourceId AND l.couponMasterId = '6e739fef-9f12-4c93-bb5a-aa4615f92ff3' AND l.couponMasterId = '6e739fef-9f12-4c93-bb5a-aa4615f92ff3' ORDER BY l.couponCode, l.couponName, l.createAtMillis LIMIT 100 OFFSET 100 "
75,1720503676769," _SAME_ AND l.couponMasterId = '09bab7cd-c8c0-49e8-90d9-8b67046f1c8d' AND l.couponMasterId = '09bab7cd-c8c0-49e8-90d9-8b67046f1c8d' ORDER BY l.couponCode, l.couponName, l.createAtMillis LIMIT 100 OFFSET 0 "," SELECT l.couponId AS ""クーポンID"", o.name AS ""組織名"", l.couponCode AS ""クーポンコード"", l.couponName AS ""クーポン名"", l.barcode AS ""バーコード"", l.operateFrom AS ""操作元"", to_char(TIMESTAMP 'epoch' + (l.createAtMillis / 1000) * INTERVAL '1 second', 'YYYY-MM-DD""T""HH24:MI:SS.MS""Z""') AS ""日時"", (SELECT COUNT(*) FROM coupon_logs l2 WHERE l2.type = 'displayed' AND l2.couponId = l.couponId) AS ""参照回数"", l.couponMasterId AS ""クーポンマスタID"" FROM coupon_logs l JOIN ( SELECT couponId, MAX(createAtMillis) AS createAtMillis FROM coupon_logs WHERE type = 'displayed' GROUP BY couponId ) latest ON l.couponId = latest.couponId AND l.createAtMillis = latest.createAtMillis JOIN organization o ON l.organizationId = o.resourceId AND l.couponMasterId = '09bab7cd-c8c0-49e8-90d9-8b67046f1c8d' AND l.couponMasterId = '09bab7cd-c8c0-49e8-90d9-8b67046f1c8d' ORDER BY l.couponCode, l.couponName, l.createAtMillis LIMIT 100 OFFSET 0 "
76,1720515457968," _SAME_ AND l.couponMasterId = '09bab7cd-c8c0-49e8-90d9-8b67046f1c8d' AND l.couponMasterId = '09bab7cd-c8c0-49e8-90d9-8b67046f1c8d' ORDER BY l.couponCode, l.couponName, l.createAtMillis LIMIT 100 OFFSET 0 "," SELECT l.couponId AS ""クーポンID"", o.name AS ""組織名"", l.couponCode AS ""クーポンコード"", l.couponName AS ""クーポン名"", l.barcode AS ""バーコード"", l.operateFrom AS ""操作元"", to_char(TIMESTAMP 'epoch' + (l.createAtMillis / 1000) * INTERVAL '1 second', 'YYYY-MM-DD""T""HH24:MI:SS.MS""Z""') AS ""日時"", (SELECT COUNT(*) FROM coupon_logs l2 WHERE l2.type = 'displayed' AND l2.couponId = l.couponId) AS ""参照回数"", l.couponMasterId AS ""クーポンマスタID"" FROM coupon_logs l JOIN ( SELECT couponId, MAX(createAtMillis) AS createAtMillis FROM coupon_logs WHERE type = 'displayed' GROUP BY couponId ) latest ON l.couponId = latest.couponId AND l.createAtMillis = latest.createAtMillis JOIN organization o ON l.organizationId = o.resourceId AND l.couponMasterId = '09bab7cd-c8c0-49e8-90d9-8b67046f1c8d' AND l.couponMasterId = '09bab7cd-c8c0-49e8-90d9-8b67046f1c8d' ORDER BY l.couponCode, l.couponName, l.createAtMillis LIMIT 100 OFFSET 0 "
77,1721298036019," _SAME_ AND l.couponMasterId = '07e5845f-2574-4620-a552-5b1d940d896f' AND l.couponMasterId = '07e5845f-2574-4620-a552-5b1d940d896f' ORDER BY l.couponCode, l.couponName, l.createAtMillis LIMIT 100 OFFSET 0 "," SELECT l.couponId AS ""クーポンID"", o.name AS ""組織名"", l.couponCode AS ""クーポンコード"", l.couponName AS ""クーポン名"", l.barcode AS ""バーコード"", l.operateFrom AS ""操作元"", to_char(TIMESTAMP 'epoch' + (l.createAtMillis / 1000) * INTERVAL '1 second', 'YYYY-MM-DD""T""HH24:MI:SS.MS""Z""') AS ""日時"", (SELECT COUNT(*) FROM coupon_logs l2 WHERE l2.type = 'displayed' AND l2.couponId = l.couponId) AS ""参照回数"", l.couponMasterId AS ""クーポンマスタID"" FROM coupon_logs l JOIN ( SELECT couponId, MAX(createAtMillis) AS createAtMillis FROM coupon_logs WHERE type = 'displayed' GROUP BY couponId ) latest ON l.couponId = latest.couponId AND l.createAtMillis = latest.createAtMillis JOIN organization o ON l.organizationId = o.resourceId AND l.couponMasterId = '07e5845f-2574-4620-a552-5b1d940d896f' AND l.couponMasterId = '07e5845f-2574-4620-a552-5b1d940d896f' ORDER BY l.couponCode, l.couponName, l.createAtMillis LIMIT 100 OFFSET 0 "
78,1722473671259," _SAME_ AND l.couponMasterId = '070f003f-2451-4f33-9347-d5ea39834288' AND l.couponMasterId = '070f003f-2451-4f33-9347-d5ea39834288' ORDER BY l.couponCode, l.couponName, l.createAtMillis LIMIT 100 OFFSET 0 "," SELECT l.couponId AS ""クーポンID"", o.name AS ""組織名"", l.couponCode AS ""クーポンコード"", l.couponName AS ""クーポン名"", l.barcode AS ""バーコード"", l.operateFrom AS ""操作元"", to_char(TIMESTAMP 'epoch' + (l.createAtMillis / 1000) * INTERVAL '1 second', 'YYYY-MM-DD""T""HH24:MI:SS.MS""Z""') AS ""日時"", (SELECT COUNT(*) FROM coupon_logs l2 WHERE l2.type = 'displayed' AND l2.couponId = l.couponId) AS ""参照回数"", l.couponMasterId AS ""クーポンマスタID"" FROM coupon_logs l JOIN ( SELECT couponId, MAX(createAtMillis) AS createAtMillis FROM coupon_logs WHERE type = 'displayed' GROUP BY couponId ) latest ON l.couponId = latest.couponId AND l.createAtMillis = latest.createAtMillis JOIN organization o ON l.organizationId = o.resourceId AND l.couponMasterId = '070f003f-2451-4f33-9347-d5ea39834288' AND l.couponMasterId = '070f003f-2451-4f33-9347-d5ea39834288' ORDER BY l.couponCode, l.couponName, l.createAtMillis LIMIT 100 OFFSET 0 "
79,1724117496263," _SAME_ AND l.couponMasterId = '7a2a3336-3f28-4b2a-b43c-0e9033f6b2c6' AND l.couponMasterId = '7a2a3336-3f28-4b2a-b43c-0e9033f6b2c6' ORDER BY l.couponCode, l.couponName, l.createAtMillis LIMIT 100 OFFSET 0 "," SELECT l.couponId AS ""クーポンID"", o.name AS ""組織名"", l.couponCode AS ""クーポンコード"", l.couponName AS ""クーポン名"", l.barcode AS ""バーコード"", l.operateFrom AS ""操作元"", to_char(TIMESTAMP 'epoch' + (l.createAtMillis / 1000) * INTERVAL '1 second', 'YYYY-MM-DD""T""HH24:MI:SS.MS""Z""') AS ""日時"", (SELECT COUNT(*) FROM coupon_logs l2 WHERE l2.type = 'displayed' AND l2.couponId = l.couponId) AS ""参照回数"", l.couponMasterId AS ""クーポンマスタID"" FROM coupon_logs l JOIN ( SELECT couponId, MAX(createAtMillis) AS createAtMillis FROM coupon_logs WHERE type = 'displayed' GROUP BY couponId ) latest ON l.couponId = latest.couponId AND l.createAtMillis = latest.createAtMillis JOIN organization o ON l.organizationId = o.resourceId AND l.couponMasterId = '7a2a3336-3f28-4b2a-b43c-0e9033f6b2c6' AND l.couponMasterId = '7a2a3336-3f28-4b2a-b43c-0e9033f6b2c6' ORDER BY l.couponCode, l.couponName, l.createAtMillis LIMIT 100 OFFSET 0 "
80,1725257893439," _SAME_ AND l.couponMasterId = '070f003f-2451-4f33-9347-d5ea39834288' AND l.couponMasterId = '070f003f-2451-4f33-9347-d5ea39834288' ORDER BY l.couponCode, l.couponName, l.createAtMillis LIMIT 100 OFFSET 0 "," SELECT l.couponId AS ""クーポンID"", o.name AS ""組織名"", l.couponCode AS ""クーポンコード"", l.couponName AS ""クーポン名"", l.barcode AS ""バーコード"", l.operateFrom AS ""操作元"", to_char(TIMESTAMP 'epoch' + (l.createAtMillis / 1000) * INTERVAL '1 second', 'YYYY-MM-DD""T""HH24:MI:SS.MS""Z""') AS ""日時"", (SELECT COUNT(*) FROM coupon_logs l2 WHERE l2.type = 'displayed' AND l2.couponId = l.couponId) AS ""参照回数"", l.couponMasterId AS ""クーポンマスタID"" FROM coupon_logs l JOIN ( SELECT couponId, MAX(createAtMillis) AS createAtMillis FROM coupon_logs WHERE type = 'displayed' GROUP BY couponId ) latest ON l.couponId = latest.couponId AND l.createAtMillis = latest.createAtMillis JOIN organization o ON l.organizationId = o.resourceId AND l.couponMasterId = '070f003f-2451-4f33-9347-d5ea39834288' AND l.couponMasterId = '070f003f-2451-4f33-9347-d5ea39834288' ORDER BY l.couponCode, l.couponName, l.createAtMillis LIMIT 100 OFFSET 0 "
81,1725257936636," _SAME_ AND l.couponMasterId = '070f003f-2451-4f33-9347-d5ea39834288' AND l.couponMasterId = '070f003f-2451-4f33-9347-d5ea39834288' AND l.barcode LIKE '%9052007659007825%' ORDER BY l.couponCode, l.couponName, l.createAtMillis LIMIT 100 OFFSET 0 "," SELECT l.couponId AS ""クーポンID"", o.name AS ""組織名"", l.couponCode AS ""クーポンコード"", l.couponName AS ""クーポン名"", l.barcode AS ""バーコード"", l.operateFrom AS ""操作元"", to_char(TIMESTAMP 'epoch' + (l.createAtMillis / 1000) * INTERVAL '1 second', 'YYYY-MM-DD""T""HH24:MI:SS.MS""Z""') AS ""日時"", (SELECT COUNT(*) FROM coupon_logs l2 WHERE l2.type = 'displayed' AND l2.couponId = l.couponId) AS ""参照回数"", l.couponMasterId AS ""クーポンマスタID"" FROM coupon_logs l JOIN ( SELECT couponId, MAX(createAtMillis) AS createAtMillis FROM coupon_logs WHERE type = 'displayed' GROUP BY couponId ) latest ON l.couponId = latest.couponId AND l.createAtMillis = latest.createAtMillis JOIN organization o ON l.organizationId = o.resourceId AND l.couponMasterId = '070f003f-2451-4f33-9347-d5ea39834288' AND l.couponMasterId = '070f003f-2451-4f33-9347-d5ea39834288' AND l.barcode LIKE '%9052007659007825%' ORDER BY l.couponCode, l.couponName, l.createAtMillis LIMIT 100 OFFSET 0 "
82,1730325043880," _SAME_ AND l.couponMasterId = 'bcec7607-e6e3-479b-a100-c1d9d74e0826' AND l.couponMasterId = 'bcec7607-e6e3-479b-a100-c1d9d74e0826' ORDER BY l.couponCode, l.couponName, l.createAtMillis LIMIT 100 OFFSET 0 "," SELECT l.couponId AS ""クーポンID"", o.name AS ""組織名"", l.couponCode AS ""クーポンコード"", l.couponName AS ""クーポン名"", l.barcode AS ""バーコード"", l.operateFrom AS ""操作元"", to_char(TIMESTAMP 'epoch' + (l.createAtMillis / 1000) * INTERVAL '1 second', 'YYYY-MM-DD""T""HH24:MI:SS.MS""Z""') AS ""日時"", (SELECT COUNT(*) FROM coupon_logs l2 WHERE l2.type = 'displayed' AND l2.couponId = l.couponId) AS ""参照回数"", l.couponMasterId AS ""クーポンマスタID"" FROM coupon_logs l JOIN ( SELECT couponId, MAX(createAtMillis) AS createAtMillis FROM coupon_logs WHERE type = 'displayed' GROUP BY couponId ) latest ON l.couponId = latest.couponId AND l.createAtMillis = latest.createAtMillis JOIN organization o ON l.organizationId = o.resourceId AND l.couponMasterId = 'bcec7607-e6e3-479b-a100-c1d9d74e0826' AND l.couponMasterId = 'bcec7607-e6e3-479b-a100-c1d9d74e0826' ORDER BY l.couponCode, l.couponName, l.createAtMillis LIMIT 100 OFFSET 0 "
83,1730325269814," _SAME_ AND l.couponMasterId = 'bcec7607-e6e3-479b-a100-c1d9d74e0826' AND l.couponMasterId = 'bcec7607-e6e3-479b-a100-c1d9d74e0826' AND l.couponCode LIKE '%1010gift%' ORDER BY l.couponCode, l.couponName, l.createAtMillis LIMIT 100 OFFSET 0 "," SELECT l.couponId AS ""クーポンID"", o.name AS ""組織名"", l.couponCode AS ""クーポンコード"", l.couponName AS ""クーポン名"", l.barcode AS ""バーコード"", l.operateFrom AS ""操作元"", to_char(TIMESTAMP 'epoch' + (l.createAtMillis / 1000) * INTERVAL '1 second', 'YYYY-MM-DD""T""HH24:MI:SS.MS""Z""') AS ""日時"", (SELECT COUNT(*) FROM coupon_logs l2 WHERE l2.type = 'displayed' AND l2.couponId = l.couponId) AS ""参照回数"", l.couponMasterId AS ""クーポンマスタID"" FROM coupon_logs l JOIN ( SELECT couponId, MAX(createAtMillis) AS createAtMillis FROM coupon_logs WHERE type = 'displayed' GROUP BY couponId ) latest ON l.couponId = latest.couponId AND l.createAtMillis = latest.createAtMillis JOIN organization o ON l.organizationId = o.resourceId AND l.couponMasterId = 'bcec7607-e6e3-479b-a100-c1d9d74e0826' AND l.couponMasterId = 'bcec7607-e6e3-479b-a100-c1d9d74e0826' AND l.couponCode LIKE '%1010gift%' ORDER BY l.couponCode, l.couponName, l.createAtMillis LIMIT 100 OFFSET 0 "
84,1730325357394," _SAME_ AND l.couponMasterId = 'bcec7607-e6e3-479b-a100-c1d9d74e0826' AND l.couponMasterId = 'bcec7607-e6e3-479b-a100-c1d9d74e0826' AND l.couponName LIKE '%東京1010クーポン%' ORDER BY l.couponCode, l.couponName, l.createAtMillis LIMIT 100 OFFSET 0 "," SELECT l.couponId AS ""クーポンID"", o.name AS ""組織名"", l.couponCode AS ""クーポンコード"", l.couponName AS ""クーポン名"", l.barcode AS ""バーコード"", l.operateFrom AS ""操作元"", to_char(TIMESTAMP 'epoch' + (l.createAtMillis / 1000) * INTERVAL '1 second', 'YYYY-MM-DD""T""HH24:MI:SS.MS""Z""') AS ""日時"", (SELECT COUNT(*) FROM coupon_logs l2 WHERE l2.type = 'displayed' AND l2.couponId = l.couponId) AS ""参照回数"", l.couponMasterId AS ""クーポンマスタID"" FROM coupon_logs l JOIN ( SELECT couponId, MAX(createAtMillis) AS createAtMillis FROM coupon_logs WHERE type = 'displayed' GROUP BY couponId ) latest ON l.couponId = latest.couponId AND l.createAtMillis = latest.createAtMillis JOIN organization o ON l.organizationId = o.resourceId AND l.couponMasterId = 'bcec7607-e6e3-479b-a100-c1d9d74e0826' AND l.couponMasterId = 'bcec7607-e6e3-479b-a100-c1d9d74e0826' AND l.couponName LIKE '%東京1010クーポン%' ORDER BY l.couponCode, l.couponName, l.createAtMillis LIMIT 100 OFFSET 0 "
85,1730325435504," _SAME_ AND l.couponMasterId = 'bcec7607-e6e3-479b-a100-c1d9d74e0826' AND l.couponMasterId = 'bcec7607-e6e3-479b-a100-c1d9d74e0826' AND l.barcode LIKE '%9860922609868082%' ORDER BY l.couponCode, l.couponName, l.createAtMillis LIMIT 100 OFFSET 0 "," SELECT l.couponId AS ""クーポンID"", o.name AS ""組織名"", l.couponCode AS ""クーポンコード"", l.couponName AS ""クーポン名"", l.barcode AS ""バーコード"", l.operateFrom AS ""操作元"", to_char(TIMESTAMP 'epoch' + (l.createAtMillis / 1000) * INTERVAL '1 second', 'YYYY-MM-DD""T""HH24:MI:SS.MS""Z""') AS ""日時"", (SELECT COUNT(*) FROM coupon_logs l2 WHERE l2.type = 'displayed' AND l2.couponId = l.couponId) AS ""参照回数"", l.couponMasterId AS ""クーポンマスタID"" FROM coupon_logs l JOIN ( SELECT couponId, MAX(createAtMillis) AS createAtMillis FROM coupon_logs WHERE type = 'displayed' GROUP BY couponId ) latest ON l.couponId = latest.couponId AND l.createAtMillis = latest.createAtMillis JOIN organization o ON l.organizationId = o.resourceId AND l.couponMasterId = 'bcec7607-e6e3-479b-a100-c1d9d74e0826' AND l.couponMasterId = 'bcec7607-e6e3-479b-a100-c1d9d74e0826' AND l.barcode LIKE '%9860922609868082%' ORDER BY l.couponCode, l.couponName, l.createAtMillis LIMIT 100 OFFSET 0 "
86,1730325493149," _SAME_ AND l.couponMasterId = 'bcec7607-e6e3-479b-a100-c1d9d74e0826' AND l.couponMasterId = 'bcec7607-e6e3-479b-a100-c1d9d74e0826' AND o.name LIKE '%SBギフト%' ORDER BY l.couponCode, l.couponName, l.createAtMillis LIMIT 100 OFFSET 0 "," SELECT l.couponId AS ""クーポンID"", o.name AS ""組織名"", l.couponCode AS ""クーポンコード"", l.couponName AS ""クーポン名"", l.barcode AS ""バーコード"", l.operateFrom AS ""操作元"", to_char(TIMESTAMP 'epoch' + (l.createAtMillis / 1000) * INTERVAL '1 second', 'YYYY-MM-DD""T""HH24:MI:SS.MS""Z""') AS ""日時"", (SELECT COUNT(*) FROM coupon_logs l2 WHERE l2.type = 'displayed' AND l2.couponId = l.couponId) AS ""参照回数"", l.couponMasterId AS ""クーポンマスタID"" FROM coupon_logs l JOIN ( SELECT couponId, MAX(createAtMillis) AS createAtMillis FROM coupon_logs WHERE type = 'displayed' GROUP BY couponId ) latest ON l.couponId = latest.couponId AND l.createAtMillis = latest.createAtMillis JOIN organization o ON l.organizationId = o.resourceId AND l.couponMasterId = 'bcec7607-e6e3-479b-a100-c1d9d74e0826' AND l.couponMasterId = 'bcec7607-e6e3-479b-a100-c1d9d74e0826' AND o.name LIKE '%SBギフト%' ORDER BY l.couponCode, l.couponName, l.createAtMillis LIMIT 100 OFFSET 0 "
87,1732527281940," _SAME_ AND l.couponMasterId = '1aa0f235-8d94-4c37-ac83-7301e6e5fc4a' AND l.couponMasterId = '1aa0f235-8d94-4c37-ac83-7301e6e5fc4a' ORDER BY l.couponCode, l.couponName, l.createAtMillis LIMIT 100 OFFSET 0 "," SELECT l.couponId AS ""クーポンID"", o.name AS ""組織名"", l.couponCode AS ""クーポンコード"", l.couponName AS ""クーポン名"", l.barcode AS ""バーコード"", l.operateFrom AS ""操作元"", to_char(TIMESTAMP 'epoch' + (l.createAtMillis / 1000) * INTERVAL '1 second', 'YYYY-MM-DD""T""HH24:MI:SS.MS""Z""') AS ""日時"", (SELECT COUNT(*) FROM coupon_logs l2 WHERE l2.type = 'displayed' AND l2.couponId = l.couponId) AS ""参照回数"", l.couponMasterId AS ""クーポンマスタID"" FROM coupon_logs l JOIN ( SELECT couponId, MAX(createAtMillis) AS createAtMillis FROM coupon_logs WHERE type = 'displayed' GROUP BY couponId ) latest ON l.couponId = latest.couponId AND l.createAtMillis = latest.createAtMillis JOIN organization o ON l.organizationId = o.resourceId AND l.couponMasterId = '1aa0f235-8d94-4c37-ac83-7301e6e5fc4a' AND l.couponMasterId = '1aa0f235-8d94-4c37-ac83-7301e6e5fc4a' ORDER BY l.couponCode, l.couponName, l.createAtMillis LIMIT 100 OFFSET 0 "
